family,sample_index,seed,policy,compilation_successful,ssim,coordinate_error,coordinate_points_compared,emitted_primitives,token_ged,graph_ged,token_overlap,predicted_family,is_line_segment_collapsed,total_length,length_to_eos,has_eos,unk_count,raw_unbalanced_parens,san_unbalanced_parens,tex_error
line_segment,0,42000,greedy,True,0.7208,0.2322,2,draw,0.8636,1.0000,0.1250,line_segment,False,24,24,True,0,0,0,
line_segment,0,42000,beam_search,True,0.7208,0.2322,2,draw,0.8636,1.0000,0.1250,line_segment,False,24,24,True,0,0,0,
line_segment,1,42001,greedy,True,0.7909,0.3850,2,draw,0.8696,1.0000,0.1154,line_segment,False,25,25,True,0,0,0,
line_segment,1,42001,beam_search,True,0.7909,0.3850,2,draw,0.8696,1.0000,0.1154,line_segment,False,25,25,True,0,0,0,
line_segment,2,42002,greedy,True,0.0047,0.5132,2,draw,0.8696,1.0000,0.1200,line_segment,False,25,25,True,0,0,0,
line_segment,2,42002,beam_search,True,0.6988,0.5071,2,draw,0.8696,1.0000,0.1154,line_segment,False,25,25,True,0,0,0,
line_segment,3,42003,greedy,True,0.9594,0.1691,2,draw,0.8636,1.0000,0.1250,line_segment,False,24,24,True,0,0,0,
line_segment,3,42003,beam_search,True,0.9542,0.1742,2,draw,0.8636,1.0000,0.1304,line_segment,False,24,24,True,0,0,0,
line_segment,4,42004,greedy,True,0.9087,0.5595,2,draw,0.8696,1.0000,0.1200,line_segment,False,25,25,True,0,0,0,
line_segment,4,42004,beam_search,True,0.9087,0.5595,2,draw,0.8696,1.0000,0.1200,line_segment,False,25,25,True,0,0,0,
line_segment,5,42005,greedy,True,0.7094,0.3124,2,draw,0.8636,1.0000,0.1304,line_segment,False,24,24,True,0,0,0,
line_segment,5,42005,beam_search,True,0.7094,0.3124,2,draw,0.8636,1.0000,0.1304,line_segment,False,24,24,True,0,0,0,
line_segment,6,42006,greedy,True,0.8399,0.1940,2,draw,0.8636,1.0000,0.1250,line_segment,False,24,24,True,0,0,0,
line_segment,6,42006,beam_search,True,0.8358,0.2908,2,draw,0.8636,1.0000,0.1304,line_segment,False,24,24,True,0,0,0,
line_segment,7,42007,greedy,True,0.5675,0.2885,2,draw,0.8636,1.0000,0.1250,line_segment,False,24,24,True,0,0,0,
line_segment,7,42007,beam_search,True,0.5676,0.2880,2,draw,0.8636,1.0000,0.1250,line_segment,False,24,24,True,0,0,0,
line_segment,8,42008,greedy,True,0.9335,0.3059,2,draw,0.8696,1.0000,0.1200,line_segment,False,25,25,True,0,0,0,
line_segment,8,42008,beam_search,True,0.3411,0.5986,2,draw,0.8696,1.0000,0.1250,line_segment,False,25,25,True,0,0,0,
line_segment,9,42009,greedy,False,0.0000,0.3420,2,draw,0.8636,1.0000,0.1364,line_segment,False,24,24,True,0,0,0,cannot identify image file <_io.BytesIO object at 0x12876dd00>
line_segment,9,42009,beam_search,False,0.0000,0.3420,2,draw,0.8636,1.0000,0.1364,line_segment,False,24,24,True,0,0,0,cannot identify image file <_io.BytesIO object at 0x355e4b600>
line_segment,10,42010,greedy,True,0.8834,0.2693,2,draw,0.8636,1.0000,0.1304,line_segment,False,24,24,True,0,0,0,
line_segment,10,42010,beam_search,True,0.7307,0.5073,2,draw,0.8696,1.0000,0.1200,line_segment,False,25,25,True,0,0,0,
line_segment,11,42011,greedy,True,0.0980,0.4775,2,draw,0.8696,1.0000,0.1200,line_segment,False,25,25,True,0,0,0,
line_segment,11,42011,beam_search,True,0.0980,0.4775,2,draw,0.8696,1.0000,0.1200,line_segment,False,25,25,True,0,0,0,
line_segment,12,42012,greedy,True,0.7376,0.3554,2,draw,0.8636,1.0000,0.1250,line_segment,False,24,24,True,0,0,0,
line_segment,12,42012,beam_search,True,0.7376,0.3554,2,draw,0.8636,1.0000,0.1250,line_segment,False,24,24,True,0,0,0,
line_segment,13,42013,greedy,True,0.3360,0.4386,2,draw,0.8696,1.0000,0.1200,line_segment,False,25,25,True,0,0,0,
line_segment,13,42013,beam_search,True,0.3362,0.4384,2,draw,0.8696,1.0000,0.1250,line_segment,False,25,25,True,0,0,0,
line_segment,14,42014,greedy,True,0.5048,0.3152,2,draw,0.8636,1.0000,0.1250,line_segment,False,24,24,True,0,0,0,
line_segment,14,42014,beam_search,True,0.5064,0.2834,2,draw,0.8636,1.0000,0.1200,line_segment,False,24,24,True,0,0,0,
line_segment,15,42015,greedy,True,0.9372,0.3201,2,draw,0.8636,1.0000,0.1250,line_segment,False,24,24,True,0,0,0,
line_segment,15,42015,beam_search,True,0.9532,0.2898,2,draw,0.8636,1.0000,0.1250,line_segment,False,24,24,True,0,0,0,
line_segment,16,42016,greedy,True,0.7196,0.4903,2,draw,0.8696,1.0000,0.1154,line_segment,False,25,25,True,0,0,0,
line_segment,16,42016,beam_search,True,0.7186,0.5345,2,draw,0.8696,1.0000,0.1154,line_segment,False,25,25,True,0,0,0,
line_segment,17,42017,greedy,True,0.3384,0.5036,2,draw,0.8636,1.0000,0.1304,line_segment,False,24,24,True,0,0,0,
line_segment,17,42017,beam_search,True,0.3360,0.6026,2,draw,0.8636,1.0000,0.1304,line_segment,False,24,24,True,0,0,0,
line_segment,18,42018,greedy,True,0.7887,0.5192,2,draw,0.8696,1.0000,0.1154,line_segment,False,25,25,True,0,0,0,
line_segment,18,42018,beam_search,True,0.7887,0.5192,2,draw,0.8696,1.0000,0.1154,line_segment,False,25,25,True,0,0,0,
line_segment,19,42019,greedy,True,0.9726,0.7339,2,draw,0.8636,1.0000,0.1304,line_segment,False,24,24,True,0,0,0,
line_segment,19,42019,beam_search,True,0.9737,0.7365,2,draw,0.8636,1.0000,0.1364,line_segment,False,24,24,True,0,0,0,
line_segment,20,42020,greedy,True,0.6433,0.2722,2,draw,0.8696,1.0000,0.1154,line_segment,False,25,25,True,0,0,0,
line_segment,20,42020,beam_search,True,0.6433,0.2722,2,draw,0.8696,1.0000,0.1154,line_segment,False,25,25,True,0,0,0,
line_segment,21,42021,greedy,True,0.0001,0.2338,2,draw,0.8696,1.0000,0.1200,line_segment,False,25,25,True,0,0,0,
line_segment,21,42021,beam_search,True,0.0001,0.2338,2,draw,0.8696,1.0000,0.1200,line_segment,False,25,25,True,0,0,0,
line_segment,22,42022,greedy,True,0.8338,0.2572,2,draw,0.8696,1.0000,0.1154,line_segment,False,25,25,True,0,0,0,
line_segment,22,42022,beam_search,True,0.4243,0.2450,2,draw,0.8696,1.0000,0.1154,line_segment,False,25,25,True,0,0,0,
line_segment,23,42023,greedy,True,0.8508,0.7410,2,draw,0.8636,1.0000,0.1304,line_segment,False,24,24,True,0,0,0,
line_segment,23,42023,beam_search,True,0.8508,0.7410,2,draw,0.8636,1.0000,0.1304,line_segment,False,24,24,True,0,0,0,
line_segment,24,42024,greedy,True,0.7358,0.4281,2,draw,0.8696,1.0000,0.1154,line_segment,False,25,25,True,0,0,0,
line_segment,24,42024,beam_search,True,0.5678,0.4649,2,draw,0.8696,1.0000,0.1200,line_segment,False,25,25,True,0,0,0,
line_segment,25,42025,greedy,True,0.7972,0.3551,2,draw,0.8636,1.0000,0.1250,line_segment,False,24,24,True,0,0,0,
line_segment,25,42025,beam_search,True,0.0715,0.6044,2,draw,0.8696,1.0000,0.1250,line_segment,False,25,25,True,0,0,0,
line_segment,26,42026,greedy,True,0.6476,0.4457,2,draw,0.8636,1.0000,0.1250,line_segment,False,24,24,True,0,0,0,
line_segment,26,42026,beam_search,True,0.0305,0.3885,2,draw,0.8696,1.0000,0.1250,line_segment,False,25,25,True,0,0,0,
line_segment,27,42027,greedy,True,0.0498,0.3502,2,draw,0.8636,1.0000,0.1364,line_segment,False,24,24,True,0,0,0,
line_segment,27,42027,beam_search,True,0.0498,0.3502,2,draw,0.8636,1.0000,0.1364,line_segment,False,24,24,True,0,0,0,
line_segment,28,42028,greedy,True,0.7243,0.2547,2,draw,0.8636,1.0000,0.1250,line_segment,False,24,24,True,0,0,0,
line_segment,28,42028,beam_search,False,0.0000,0.2665,2,draw,0.8636,1.0000,0.1304,line_segment,False,24,24,True,0,0,0,cannot identify image file <_io.BytesIO object at 0x128795440>
line_segment,29,42029,greedy,True,0.6130,0.4814,2,draw,0.8636,1.0000,0.1250,line_segment,False,24,24,True,0,0,0,
line_segment,29,42029,beam_search,True,0.6130,0.4814,2,draw,0.8636,1.0000,0.1250,line_segment,False,24,24,True,0,0,0,
line_segment,30,42030,greedy,False,0.0000,0.1846,2,draw,0.8636,1.0000,0.1364,line_segment,False,24,24,True,0,0,0,cannot identify image file <_io.BytesIO object at 0x12876eca0>
line_segment,30,42030,beam_search,True,0.4950,0.1891,2,draw,0.8636,1.0000,0.1250,line_segment,False,24,24,True,0,0,0,
line_segment,31,42031,greedy,True,0.8000,0.6243,2,draw,0.8636,1.0000,0.1364,line_segment,False,24,24,True,0,0,0,
line_segment,31,42031,beam_search,True,0.8000,0.6243,2,draw,0.8636,1.0000,0.1364,line_segment,False,24,24,True,0,0,0,
line_segment,32,42032,greedy,False,0.0000,0.2494,2,draw,0.8636,1.0000,0.1364,line_segment,False,24,24,True,0,0,0,cannot identify image file <_io.BytesIO object at 0x355e4b650>
line_segment,32,42032,beam_search,True,0.7874,0.3221,2,draw,0.8696,1.0000,0.1200,line_segment,False,25,25,True,0,0,0,
line_segment,33,42033,greedy,True,0.5156,0.4945,2,draw,0.8636,1.0000,0.1250,line_segment,False,24,24,True,0,0,0,
line_segment,33,42033,beam_search,False,0.0000,0.4313,2,draw,0.8636,1.0000,0.1304,line_segment,False,24,24,True,0,0,0,cannot identify image file <_io.BytesIO object at 0x355e4b7e0>
line_segment,34,42034,greedy,True,0.3408,0.4071,2,draw,0.8636,1.0000,0.1364,line_segment,False,24,24,True,0,0,0,
line_segment,34,42034,beam_search,True,0.3408,0.4071,2,draw,0.8636,1.0000,0.1364,line_segment,False,24,24,True,0,0,0,
line_segment,35,42035,greedy,True,0.7198,0.4385,2,draw,0.8696,1.0000,0.1154,line_segment,False,25,25,True,0,0,0,
line_segment,35,42035,beam_search,True,0.7183,0.4501,2,draw,0.8696,1.0000,0.1154,line_segment,False,25,25,True,0,0,0,
line_segment,36,42036,greedy,True,0.6509,0.3152,2,draw,0.8696,1.0000,0.1250,line_segment,False,25,25,True,0,0,0,
line_segment,36,42036,beam_search,True,0.5507,0.3128,2,draw,0.8696,1.0000,0.1200,line_segment,False,25,25,True,0,0,0,
line_segment,37,42037,greedy,True,0.6853,0.2657,2,draw,0.8636,1.0000,0.1304,line_segment,False,24,24,True,0,0,0,
line_segment,37,42037,beam_search,True,0.0033,0.2707,2,draw,0.8636,1.0000,0.1364,line_segment,False,24,24,True,0,0,0,
line_segment,38,42038,greedy,True,0.9230,0.2622,2,draw,0.8696,1.0000,0.1200,line_segment,False,25,25,True,0,0,0,
line_segment,38,42038,beam_search,True,0.9230,0.2622,2,draw,0.8696,1.0000,0.1200,line_segment,False,25,25,True,0,0,0,
line_segment,39,42039,greedy,True,0.9048,0.2259,2,draw,0.8696,1.0000,0.1154,line_segment,False,25,25,True,0,0,0,
line_segment,39,42039,beam_search,True,0.9083,0.2177,2,draw,0.8696,1.0000,0.1154,line_segment,False,25,25,True,0,0,0,
line_segment,40,42040,greedy,True,0.4001,0.7458,2,draw,0.8696,1.0000,0.1154,line_segment,False,25,25,True,0,0,0,
line_segment,40,42040,beam_search,True,0.3355,0.7455,2,draw,0.8696,1.0000,0.1200,line_segment,False,25,25,True,0,0,0,
line_segment,41,42041,greedy,True,0.2495,0.3678,2,draw,0.8636,1.0000,0.1304,line_segment,False,24,24,True,0,0,0,
line_segment,41,42041,beam_search,True,0.2435,0.3692,2,draw,0.8636,1.0000,0.1364,line_segment,False,24,24,True,0,0,0,
line_segment,42,42042,greedy,True,0.8265,0.2181,2,draw,0.8636,1.0000,0.1250,line_segment,False,24,24,True,0,0,0,
line_segment,42,42042,beam_search,True,0.7631,0.4196,2,draw,0.8696,1.0000,0.1250,line_segment,False,25,25,True,0,0,0,
line_segment,43,42043,greedy,True,0.9092,0.6919,2,draw,0.8636,1.0000,0.1250,line_segment,False,24,24,True,0,0,0,
line_segment,43,42043,beam_search,True,0.9092,0.6919,2,draw,0.8636,1.0000,0.1250,line_segment,False,24,24,True,0,0,0,
line_segment,44,42044,greedy,True,0.4750,0.1886,2,draw,0.8636,1.0000,0.1364,line_segment,False,24,24,True,0,0,0,
line_segment,44,42044,beam_search,True,0.4478,0.1948,2,draw,0.8636,1.0000,0.1304,line_segment,False,24,24,True,0,0,0,
line_segment,45,42045,greedy,True,0.8103,0.4410,2,draw,0.8636,1.0000,0.1364,line_segment,False,24,24,True,0,0,0,
line_segment,45,42045,beam_search,True,0.7535,0.4854,2,draw,0.8636,1.0000,0.1250,line_segment,False,24,24,True,0,0,0,
line_segment,46,42046,greedy,False,0.0000,0.4123,2,draw,0.8636,1.0000,0.1364,line_segment,False,24,24,True,0,0,0,cannot identify image file <_io.BytesIO object at 0x11906af70>
line_segment,46,42046,beam_search,False,0.0000,0.4105,2,draw,0.8636,1.0000,0.1304,line_segment,False,24,24,True,0,0,0,cannot identify image file <_io.BytesIO object at 0x355e4b920>
line_segment,47,42047,greedy,True,0.3797,0.4461,2,draw,0.8696,1.0000,0.1200,line_segment,False,25,25,True,0,0,0,
line_segment,47,42047,beam_search,True,0.0844,0.4539,2,draw,0.8696,1.0000,0.1304,line_segment,False,25,25,True,0,0,0,
line_segment,48,42048,greedy,True,0.6128,0.2980,2,draw,0.8636,1.0000,0.1250,line_segment,False,24,24,True,0,0,0,
line_segment,48,42048,beam_search,True,0.6128,0.2980,2,draw,0.8636,1.0000,0.1250,line_segment,False,24,24,True,0,0,0,
line_segment,49,42049,greedy,True,0.9501,0.2993,2,draw,0.8636,1.0000,0.1304,line_segment,False,24,24,True,0,0,0,
line_segment,49,42049,beam_search,True,0.9506,0.3182,2,draw,0.8636,1.0000,0.1364,line_segment,False,24,24,True,0,0,0,
line_segment,50,42050,greedy,False,0.0000,0.4365,2,draw,0.8636,1.0000,0.1304,line_segment,False,24,24,True,0,0,0,cannot identify image file <_io.BytesIO object at 0x11906af70>
line_segment,50,42050,beam_search,False,0.0000,0.4365,2,draw,0.8636,1.0000,0.1304,line_segment,False,24,24,True,0,0,0,cannot identify image file <_io.BytesIO object at 0x355e4bc90>
line_segment,51,42051,greedy,True,0.6790,0.5282,2,draw,0.8696,1.0000,0.1154,line_segment,False,25,25,True,0,0,0,
line_segment,51,42051,beam_search,True,0.5462,0.5918,2,draw,0.8696,1.0000,0.1200,line_segment,False,25,25,True,0,0,0,
line_segment,52,42052,greedy,True,0.7239,0.6307,2,draw,0.8636,1.0000,0.1364,line_segment,False,24,24,True,0,0,0,
line_segment,52,42052,beam_search,True,0.7239,0.5771,2,draw,0.8636,1.0000,0.1364,line_segment,False,24,24,True,0,0,0,
line_segment,53,42053,greedy,True,0.4293,0.1898,2,draw,0.8636,1.0000,0.1304,line_segment,False,24,24,True,0,0,0,
line_segment,53,42053,beam_search,True,0.8208,0.1714,2,draw,0.8636,1.0000,0.1304,line_segment,False,24,24,True,0,0,0,
line_segment,54,42054,greedy,True,0.7916,0.5200,2,draw,0.8636,1.0000,0.1250,line_segment,False,24,24,True,0,0,0,
line_segment,54,42054,beam_search,True,0.7871,0.5184,2,draw,0.8636,1.0000,0.1250,line_segment,False,24,24,True,0,0,0,
line_segment,55,42055,greedy,True,0.6714,0.2884,2,draw,0.8696,1.0000,0.1154,line_segment,False,25,25,True,0,0,0,
line_segment,55,42055,beam_search,True,0.0038,0.2122,2,draw,0.8696,1.0000,0.1200,line_segment,False,25,25,True,0,0,0,
line_segment,56,42056,greedy,False,0.0000,0.3437,2,draw,0.8636,1.0000,0.1304,line_segment,False,24,24,True,0,0,0,cannot identify image file <_io.BytesIO object at 0x128794220>
line_segment,56,42056,beam_search,False,0.0000,0.3437,2,draw,0.8636,1.0000,0.1304,line_segment,False,24,24,True,0,0,0,cannot identify image file <_io.BytesIO object at 0x1287133d0>
line_segment,57,42057,greedy,True,0.7889,0.3917,2,draw,0.8636,1.0000,0.1304,line_segment,False,24,24,True,0,0,0,
line_segment,57,42057,beam_search,True,0.7271,0.3793,2,draw,0.8636,1.0000,0.1364,line_segment,False,24,24,True,0,0,0,
line_segment,58,42058,greedy,False,0.0000,0.5206,2,draw,0.8636,1.0000,0.1304,line_segment,False,24,24,True,0,0,0,cannot identify image file <_io.BytesIO object at 0x128796ed0>
line_segment,58,42058,beam_search,False,0.0000,0.5206,2,draw,0.8636,1.0000,0.1304,line_segment,False,24,24,True,0,0,0,cannot identify image file <_io.BytesIO object at 0x355e4b920>
line_segment,59,42059,greedy,True,0.7102,0.3281,2,draw,0.8696,1.0000,0.1200,line_segment,False,25,25,True,0,0,0,
line_segment,59,42059,beam_search,True,0.6838,0.3539,2,draw,0.8696,1.0000,0.1154,line_segment,False,25,25,True,0,0,0,
line_segment,60,42060,greedy,True,0.7010,0.2156,2,draw,0.8636,1.0000,0.1250,line_segment,False,24,24,True,0,0,0,
line_segment,60,42060,beam_search,True,0.9063,0.5185,2,draw,0.8696,1.0000,0.1154,line_segment,False,25,25,True,0,0,0,
line_segment,61,42061,greedy,True,0.5786,0.4361,2,draw,0.8696,1.0000,0.1154,line_segment,False,25,25,True,0,0,0,
line_segment,61,42061,beam_search,True,0.5790,0.4355,2,draw,0.8696,1.0000,0.1154,line_segment,False,25,25,True,0,0,0,
line_segment,62,42062,greedy,True,0.8704,0.2928,2,draw,0.8636,1.0000,0.1250,line_segment,False,24,24,True,0,0,0,
line_segment,62,42062,beam_search,True,0.8704,0.2928,2,draw,0.8636,1.0000,0.1250,line_segment,False,24,24,True,0,0,0,
line_segment,63,42063,greedy,True,0.0213,0.4220,2,draw,0.8696,1.0000,0.1304,line_segment,False,25,25,True,0,0,0,
line_segment,63,42063,beam_search,False,0.0000,0.2729,2,draw,0.8636,1.0000,0.1304,line_segment,False,24,24,True,0,0,0,cannot identify image file <_io.BytesIO object at 0x12876f600>
line_segment,64,42064,greedy,True,0.9025,0.4025,2,draw,0.8636,1.0000,0.1250,line_segment,False,24,24,True,0,0,0,
line_segment,64,42064,beam_search,True,0.9042,0.3619,2,draw,0.8636,1.0000,0.1250,line_segment,False,24,24,True,0,0,0,
line_segment,65,42065,greedy,False,0.0000,0.2341,2,draw,0.8636,1.0000,0.1250,line_segment,False,24,24,True,0,0,0,cannot identify image file <_io.BytesIO object at 0x1287941d0>
line_segment,65,42065,beam_search,True,0.5903,0.5576,2,draw,0.8696,1.0000,0.1154,line_segment,False,25,25,True,0,0,0,
line_segment,66,42066,greedy,True,0.4365,0.1530,2,draw,0.8696,1.0000,0.1250,line_segment,False,25,25,True,0,0,0,
line_segment,66,42066,beam_search,True,0.4365,0.1530,2,draw,0.8696,1.0000,0.1250,line_segment,False,25,25,True,0,0,0,
line_segment,67,42067,greedy,True,0.3417,0.3615,2,draw,0.8696,1.0000,0.1200,line_segment,False,25,25,True,0,0,0,
line_segment,67,42067,beam_search,True,0.3417,0.3615,2,draw,0.8696,1.0000,0.1200,line_segment,False,25,25,True,0,0,0,
line_segment,68,42068,greedy,True,0.0254,0.4702,2,draw,0.8636,1.0000,0.1304,line_segment,False,24,24,True,0,0,0,
line_segment,68,42068,beam_search,True,0.0984,0.5224,2,draw,0.8636,1.0000,0.1304,line_segment,False,24,24,True,0,0,0,
line_segment,69,42069,greedy,True,0.0252,0.5901,2,draw,0.8696,1.0000,0.1250,line_segment,False,25,25,True,0,0,0,
line_segment,69,42069,beam_search,True,0.0252,0.5901,2,draw,0.8696,1.0000,0.1250,line_segment,False,25,25,True,0,0,0,
line_segment,70,42070,greedy,True,0.7244,0.5994,2,draw,0.8696,1.0000,0.1200,line_segment,False,25,25,True,0,0,0,
line_segment,70,42070,beam_search,True,0.7244,0.5994,2,draw,0.8696,1.0000,0.1200,line_segment,False,25,25,True,0,0,0,
line_segment,71,42071,greedy,True,0.3957,0.5112,2,draw,0.8696,1.0000,0.1200,line_segment,False,25,25,True,0,0,0,
line_segment,71,42071,beam_search,True,0.3957,0.5112,2,draw,0.8696,1.0000,0.1200,line_segment,False,25,25,True,0,0,0,
line_segment,72,42072,greedy,True,0.5944,0.7651,2,draw,0.9318,1.0000,0.1111,line_segment,False,46,46,True,0,0,0,
line_segment,72,42072,beam_search,True,0.6797,0.3984,2,draw,0.8636,1.0000,0.1250,line_segment,False,24,24,True,0,0,0,
line_segment,73,42073,greedy,True,0.7618,0.5736,2,draw,0.8636,1.0000,0.1250,line_segment,False,24,24,True,0,0,0,
line_segment,73,42073,beam_search,True,0.9655,0.7277,2,draw,0.8636,1.0000,0.1304,line_segment,False,24,24,True,0,0,0,
line_segment,74,42074,greedy,True,0.3525,0.5301,2,draw,0.8696,1.0000,0.1200,line_segment,False,25,25,True,0,0,0,
line_segment,74,42074,beam_search,True,0.4369,0.5325,2,draw,0.8696,1.0000,0.1250,line_segment,False,25,25,True,0,0,0,
line_segment,75,42075,greedy,True,0.3410,0.1823,2,draw,0.8636,1.0000,0.1364,line_segment,False,24,24,True,0,0,0,
line_segment,75,42075,beam_search,True,0.9329,0.2018,2,draw,0.8636,1.0000,0.1429,line_segment,False,24,24,True,0,0,0,
line_segment,76,42076,greedy,True,0.9649,0.5530,2,draw,0.8636,1.0000,0.1250,line_segment,False,24,24,True,0,0,0,
line_segment,76,42076,beam_search,True,0.9649,0.5530,2,draw,0.8636,1.0000,0.1250,line_segment,False,24,24,True,0,0,0,
line_segment,77,42077,greedy,True,0.9332,0.3044,2,draw,0.8696,1.0000,0.1200,line_segment,False,25,25,True,0,0,0,
line_segment,77,42077,beam_search,True,0.9332,0.3044,2,draw,0.8696,1.0000,0.1200,line_segment,False,25,25,True,0,0,0,
line_segment,78,42078,greedy,True,0.7080,0.4608,2,draw,0.8696,1.0000,0.1200,line_segment,False,25,25,True,0,0,0,
line_segment,78,42078,beam_search,True,0.5675,0.4356,2,draw,0.8696,1.0000,0.1154,line_segment,False,25,25,True,0,0,0,
line_segment,79,42079,greedy,True,0.8022,0.2720,2,draw,0.8696,1.0000,0.1154,line_segment,False,25,25,True,0,0,0,
line_segment,79,42079,beam_search,True,0.8013,0.2882,2,draw,0.8696,1.0000,0.1154,line_segment,False,25,25,True,0,0,0,
line_segment,80,42080,greedy,True,0.8926,0.3263,2,draw,0.8636,1.0000,0.1250,line_segment,False,24,24,True,0,0,0,
line_segment,80,42080,beam_search,True,0.8943,0.2650,2,draw,0.8636,1.0000,0.1250,line_segment,False,24,24,True,0,0,0,
line_segment,81,42081,greedy,True,0.8265,0.2640,2,draw,0.8636,1.0000,0.1304,line_segment,False,24,24,True,0,0,0,
line_segment,81,42081,beam_search,True,0.8265,0.2640,2,draw,0.8636,1.0000,0.1304,line_segment,False,24,24,True,0,0,0,
line_segment,82,42082,greedy,True,0.3358,0.1644,2,draw,0.8636,1.0000,0.1304,line_segment,False,24,24,True,0,0,0,
line_segment,82,42082,beam_search,True,0.9677,0.1223,2,draw,0.8636,1.0000,0.1304,line_segment,False,24,24,True,0,0,0,
line_segment,83,42083,greedy,True,0.8404,0.1691,2,draw,0.8636,1.0000,0.1304,line_segment,False,24,24,True,0,0,0,
line_segment,83,42083,beam_search,True,0.3835,0.1773,2,draw,0.8636,1.0000,0.1304,line_segment,False,24,24,True,0,0,0,
line_segment,84,42084,greedy,False,0.0000,0.6203,2,draw,0.8636,1.0000,0.1364,line_segment,False,24,24,True,0,0,0,cannot identify image file <_io.BytesIO object at 0x11906af70>
line_segment,84,42084,beam_search,True,0.9800,0.7948,2,draw,0.8636,1.0000,0.1304,line_segment,False,24,24,True,0,0,0,
line_segment,85,42085,greedy,True,0.8067,0.3599,2,draw,0.8636,1.0000,0.1250,line_segment,False,24,24,True,0,0,0,
line_segment,85,42085,beam_search,True,0.8067,0.3599,2,draw,0.8636,1.0000,0.1250,line_segment,False,24,24,True,0,0,0,
line_segment,86,42086,greedy,True,0.8157,0.1492,2,draw,0.8636,1.0000,0.1364,line_segment,False,24,24,True,0,0,0,
line_segment,86,42086,beam_search,True,0.8157,0.1492,2,draw,0.8636,1.0000,0.1364,line_segment,False,24,24,True,0,0,0,
line_segment,87,42087,greedy,True,0.9418,0.2630,2,draw,0.8696,1.0000,0.1154,line_segment,False,25,25,True,0,0,0,
line_segment,87,42087,beam_search,True,0.9418,0.2630,2,draw,0.8696,1.0000,0.1154,line_segment,False,25,25,True,0,0,0,
line_segment,88,42088,greedy,True,0.5139,0.1286,2,draw,0.8696,1.0000,0.1250,line_segment,False,25,25,True,0,0,0,
line_segment,88,42088,beam_search,True,0.3894,0.1499,2,draw,0.8696,1.0000,0.1250,line_segment,False,25,25,True,0,0,0,
line_segment,89,42089,greedy,False,0.0000,0.4166,2,draw,0.8636,1.0000,0.1304,line_segment,False,24,24,True,0,0,0,cannot identify image file <_io.BytesIO object at 0x12876eca0>
line_segment,89,42089,beam_search,False,0.0000,0.4187,2,draw,0.8636,1.0000,0.1364,line_segment,False,24,24,True,0,0,0,cannot identify image file <_io.BytesIO object at 0x128795210>
line_segment,90,42090,greedy,False,0.0000,0.2895,2,draw,0.8636,1.0000,0.1364,line_segment,False,24,24,True,0,0,0,cannot identify image file <_io.BytesIO object at 0x355e4b790>
line_segment,90,42090,beam_search,False,0.0000,0.2895,2,draw,0.8636,1.0000,0.1364,line_segment,False,24,24,True,0,0,0,cannot identify image file <_io.BytesIO object at 0x128795940>
line_segment,91,42091,greedy,True,0.0779,0.3496,2,draw,0.8696,1.0000,0.1250,line_segment,False,25,25,True,0,0,0,
line_segment,91,42091,beam_search,True,0.8877,0.3372,2,draw,0.8696,1.0000,0.1304,line_segment,False,25,25,True,0,0,0,
line_segment,92,42092,greedy,True,0.8001,0.5625,2,draw,0.8636,1.0000,0.1250,line_segment,False,24,24,True,0,0,0,
line_segment,92,42092,beam_search,True,0.8406,0.5142,2,draw,0.8636,1.0000,0.1304,line_segment,False,24,24,True,0,0,0,
line_segment,93,42093,greedy,True,0.6333,0.6236,2,draw,0.8696,1.0000,0.1154,line_segment,False,25,25,True,0,0,0,
line_segment,93,42093,beam_search,True,0.6333,0.6236,2,draw,0.8696,1.0000,0.1154,line_segment,False,25,25,True,0,0,0,
line_segment,94,42094,greedy,True,0.4012,0.5574,2,draw,0.8696,1.0000,0.1200,line_segment,False,25,25,True,0,0,0,
line_segment,94,42094,beam_search,True,0.4012,0.5574,2,draw,0.8696,1.0000,0.1200,line_segment,False,25,25,True,0,0,0,
line_segment,95,42095,greedy,True,0.0043,0.5096,2,draw,0.8696,1.0000,0.1250,line_segment,False,25,25,True,0,0,0,
line_segment,95,42095,beam_search,True,0.0043,0.5096,2,draw,0.8696,1.0000,0.1250,line_segment,False,25,25,True,0,0,0,
line_segment,96,42096,greedy,True,0.7318,0.1719,2,draw,0.8696,1.0000,0.1154,line_segment,False,25,25,True,0,0,0,
line_segment,96,42096,beam_search,True,0.6320,0.1320,2,draw,0.8696,1.0000,0.1200,line_segment,False,25,25,True,0,0,0,
line_segment,97,42097,greedy,True,0.6126,0.6151,2,draw,0.8636,1.0000,0.1200,line_segment,False,24,24,True,0,0,0,
line_segment,97,42097,beam_search,True,0.3358,0.3294,2,draw,0.8696,1.0000,0.1200,line_segment,False,25,25,True,0,0,0,
line_segment,98,42098,greedy,True,0.6374,0.5987,2,draw,0.8696,1.0000,0.1200,line_segment,False,25,25,True,0,0,0,
line_segment,98,42098,beam_search,True,0.6374,0.5987,2,draw,0.8696,1.0000,0.1200,line_segment,False,25,25,True,0,0,0,
line_segment,99,42099,greedy,True,0.3315,0.2798,2,draw,0.8696,1.0000,0.1250,line_segment,False,25,25,True,0,0,0,
line_segment,99,42099,beam_search,True,0.8235,0.2365,2,draw,0.8696,1.0000,0.1304,line_segment,False,25,25,True,0,0,0,
circle_arc,0,42000,greedy,True,0.9330,0.5191,1,draw,0.8000,1.0000,0.1739,unknown,False,22,22,True,0,0,0,
circle_arc,0,42000,beam_search,True,0.9330,0.5191,1,draw,0.8000,1.0000,0.1739,unknown,False,22,22,True,0,0,0,
circle_arc,1,42001,greedy,True,0.9493,0.4666,1,draw,0.8095,1.0000,0.1600,unknown,False,23,23,True,0,0,0,
circle_arc,1,42001,beam_search,True,0.9493,0.4666,1,draw,0.8095,1.0000,0.1600,unknown,False,23,23,True,0,0,0,
circle_arc,2,42002,greedy,True,0.9766,0.2323,1,draw,0.8889,1.0000,0.0870,circle_arc,False,20,20,True,0,0,0,
circle_arc,2,42002,beam_search,True,0.9766,0.2323,1,draw,0.8889,1.0000,0.0870,circle_arc,False,20,20,True,0,0,0,
circle_arc,3,42003,greedy,True,0.9998,0.3297,1,draw,0.8333,1.0000,0.1500,circle_arc,False,20,20,True,0,0,0,
circle_arc,3,42003,beam_search,True,0.9998,0.3297,1,draw,0.8333,1.0000,0.1500,circle_arc,False,20,20,True,0,0,0,
circle_arc,4,42004,greedy,True,0.8558,0.5443,1,draw,0.8696,1.0000,0.1250,circle_arc,False,25,25,True,0,0,0,
circle_arc,4,42004,beam_search,True,0.8558,0.5443,1,draw,0.8696,1.0000,0.1250,circle_arc,False,25,25,True,0,0,0,
circle_arc,5,42005,greedy,True,0.9421,0.2861,1,draw,0.8333,1.0000,0.1500,circle_arc,False,20,20,True,0,0,0,
circle_arc,5,42005,beam_search,True,0.9421,0.2861,1,draw,0.8333,1.0000,0.1500,circle_arc,False,20,20,True,0,0,0,
circle_arc,6,42006,greedy,True,0.9286,0.0700,1,draw,0.8333,1.0000,0.1500,circle_arc,False,20,20,True,0,0,0,
circle_arc,6,42006,beam_search,True,0.9286,0.0700,1,draw,0.8333,1.0000,0.1500,circle_arc,False,20,20,True,0,0,0,
circle_arc,7,42007,greedy,True,0.9570,0.5838,1,draw,0.8095,1.0000,0.1600,unknown,False,23,23,True,0,0,0,
circle_arc,7,42007,beam_search,True,0.9570,0.5838,1,draw,0.8095,1.0000,0.1600,unknown,False,23,23,True,0,0,0,
circle_arc,8,42008,greedy,True,0.9836,0.1750,1,draw,0.8333,1.0000,0.1500,circle_arc,False,20,20,True,0,0,0,
circle_arc,8,42008,beam_search,True,0.9836,0.0931,1,draw,0.8333,1.0000,0.1500,circle_arc,False,20,20,True,0,0,0,
circle_arc,9,42009,greedy,True,0.8639,0.1712,1,draw,0.8947,1.0000,0.0800,circle_arc,False,21,21,True,0,0,0,
circle_arc,9,42009,beam_search,True,0.8639,0.1712,1,draw,0.8947,1.0000,0.0800,circle_arc,False,21,21,True,0,0,0,
circle_arc,10,42010,greedy,True,0.9830,0.3634,1,draw,0.8000,1.0000,0.1739,unknown,False,22,22,True,0,0,0,
circle_arc,10,42010,beam_search,True,0.9828,0.2619,1,draw,0.8000,1.0000,0.1739,unknown,False,22,22,True,0,0,0,
circle_arc,11,42011,greedy,True,0.9778,0.4072,1,draw,0.8095,1.0000,0.1600,unknown,False,23,23,True,0,0,0,
circle_arc,11,42011,beam_search,True,0.9778,0.4036,1,draw,0.8095,1.0000,0.1600,unknown,False,23,23,True,0,0,0,
circle_arc,12,42012,greedy,True,0.9760,0.4797,1,draw,0.8889,1.0000,0.0870,circle_arc,False,20,20,True,0,0,0,
circle_arc,12,42012,beam_search,True,0.9760,0.5078,1,draw,0.8889,1.0000,0.0870,circle_arc,False,20,20,True,0,0,0,
circle_arc,13,42013,greedy,True,0.8687,0.3454,1,draw,0.8696,1.0000,0.1304,circle_arc,False,25,25,True,0,0,0,
circle_arc,13,42013,beam_search,True,0.8687,0.3454,1,draw,0.8696,1.0000,0.1304,circle_arc,False,25,25,True,0,0,0,
circle_arc,14,42014,greedy,True,0.9450,0.5963,1,draw,0.8333,1.0000,0.1500,circle_arc,False,20,20,True,0,0,0,
circle_arc,14,42014,beam_search,True,0.9450,0.5094,1,draw,0.8333,1.0000,0.1500,circle_arc,False,20,20,True,0,0,0,
circle_arc,15,42015,greedy,True,0.9899,0.2867,1,draw,0.8421,1.0000,0.1364,circle_arc,False,21,21,True,0,0,0,
circle_arc,15,42015,beam_search,True,0.9899,0.2867,1,draw,0.8421,1.0000,0.1364,circle_arc,False,21,21,True,0,0,0,
circle_arc,16,42016,greedy,True,0.9699,0.4117,1,draw,0.8000,1.0000,0.1739,unknown,False,22,22,True,0,0,0,
circle_arc,16,42016,beam_search,True,0.9779,0.4117,1,draw,0.8000,1.0000,0.1739,unknown,False,22,22,True,0,0,0,
circle_arc,17,42017,greedy,True,0.9658,0.6640,1,draw,0.8333,1.0000,0.1500,circle_arc,False,20,20,True,0,0,0,
circle_arc,17,42017,beam_search,True,0.9658,0.6640,1,draw,0.8333,1.0000,0.1500,circle_arc,False,20,20,True,0,0,0,
circle_arc,18,42018,greedy,True,0.9228,0.6430,1,draw,0.8333,1.0000,0.1500,circle_arc,False,20,20,True,0,0,0,
circle_arc,18,42018,beam_search,True,0.9228,0.6660,1,draw,0.8333,1.0000,0.1500,circle_arc,False,20,20,True,0,0,0,
circle_arc,19,42019,greedy,True,0.9139,0.1995,1,draw,0.8696,1.0000,0.1250,circle_arc,False,25,25,True,0,0,0,
circle_arc,19,42019,beam_search,True,0.9139,0.1995,1,draw,0.8696,1.0000,0.1250,circle_arc,False,25,25,True,0,0,0,
circle_arc,20,42020,greedy,True,0.9042,0.4139,1,draw,0.8636,1.0000,0.1364,circle_arc,False,24,24,True,0,0,0,
circle_arc,20,42020,beam_search,True,0.9042,0.4139,1,draw,0.8636,1.0000,0.1364,circle_arc,False,24,24,True,0,0,0,
circle_arc,21,42021,greedy,True,1.0000,0.5068,1,draw,0.8333,1.0000,0.1500,circle_arc,False,20,20,True,0,0,0,
circle_arc,21,42021,beam_search,True,1.0000,0.5068,1,draw,0.8333,1.0000,0.1500,circle_arc,False,20,20,True,0,0,0,
circle_arc,22,42022,greedy,False,0.0000,0.6131,1,draw,0.8636,1.0000,0.1364,circle_arc,False,24,24,True,0,0,0,cannot identify image file <_io.BytesIO object at 0x1287133d0>
circle_arc,22,42022,beam_search,False,0.0000,0.6131,1,draw,0.8636,1.0000,0.1364,circle_arc,False,24,24,True,0,0,0,cannot identify image file <_io.BytesIO object at 0x355e4bfb0>
circle_arc,23,42023,greedy,True,0.9916,0.7141,1,draw,0.8421,1.0000,0.1429,circle_arc,False,21,21,True,0,0,0,
circle_arc,23,42023,beam_search,True,0.9916,0.7141,1,draw,0.8421,1.0000,0.1429,circle_arc,False,21,21,True,0,0,0,
circle_arc,24,42024,greedy,False,0.0000,0.7181,1,draw,0.8636,1.0000,0.1364,circle_arc,False,24,24,True,0,0,0,cannot identify image file <_io.BytesIO object at 0x355e4bd80>
circle_arc,24,42024,beam_search,False,0.0000,0.7181,1,draw,0.8636,1.0000,0.1364,circle_arc,False,24,24,True,0,0,0,cannot identify image file <_io.BytesIO object at 0x12876fa60>
circle_arc,25,42025,greedy,True,0.9697,0.4422,1,draw,0.8889,1.0000,0.0909,circle_arc,False,20,20,True,0,0,0,
circle_arc,25,42025,beam_search,True,0.9697,0.3996,1,draw,0.8889,1.0000,0.0870,circle_arc,False,20,20,True,0,0,0,
circle_arc,26,42026,greedy,True,0.9790,0.5495,1,draw,0.8421,1.0000,0.1364,circle_arc,False,21,21,True,0,0,0,
circle_arc,26,42026,beam_search,True,0.9790,0.5495,1,draw,0.8421,1.0000,0.1364,circle_arc,False,21,21,True,0,0,0,
circle_arc,27,42027,greedy,True,0.9218,0.3260,1,draw,0.8000,1.0000,0.1818,unknown,False,22,22,True,0,0,0,
circle_arc,27,42027,beam_search,True,0.9218,0.3260,1,draw,0.8000,1.0000,0.1818,unknown,False,22,22,True,0,0,0,
circle_arc,28,42028,greedy,True,0.9408,0.3596,1,draw,0.8333,1.0000,0.1500,circle_arc,False,20,20,True,0,0,0,
circle_arc,28,42028,beam_search,True,0.9408,0.3596,1,draw,0.8333,1.0000,0.1500,circle_arc,False,20,20,True,0,0,0,
circle_arc,29,42029,greedy,True,0.9367,0.5973,1,draw,0.8000,1.0000,0.1739,unknown,False,22,22,True,0,0,0,
circle_arc,29,42029,beam_search,True,0.9367,0.5973,1,draw,0.8000,1.0000,0.1739,unknown,False,22,22,True,0,0,0,
circle_arc,30,42030,greedy,True,0.9776,0.3591,1,draw,0.8421,1.0000,0.1364,circle_arc,False,21,21,True,0,0,0,
circle_arc,30,42030,beam_search,True,0.9776,0.3591,1,draw,0.8421,1.0000,0.1364,circle_arc,False,21,21,True,0,0,0,
circle_arc,31,42031,greedy,True,0.9346,0.6316,1,draw,0.8000,1.0000,0.1739,unknown,False,22,22,True,0,0,0,
circle_arc,31,42031,beam_search,True,0.9346,0.6316,1,draw,0.8000,1.0000,0.1739,unknown,False,22,22,True,0,0,0,
circle_arc,32,42032,greedy,True,0.9604,0.1097,1,draw,0.8000,1.0000,0.1739,unknown,False,22,22,True,0,0,0,
circle_arc,32,42032,beam_search,True,0.9589,0.1095,1,draw,0.8000,1.0000,0.1739,unknown,False,22,22,True,0,0,0,
circle_arc,33,42033,greedy,True,0.9733,0.1981,1,draw,0.8421,1.0000,0.1429,circle_arc,False,21,21,True,0,0,0,
circle_arc,33,42033,beam_search,True,0.9733,0.1981,1,draw,0.8421,1.0000,0.1429,circle_arc,False,21,21,True,0,0,0,
circle_arc,34,42034,greedy,True,0.9875,0.6862,1,draw,0.8947,1.0000,0.0833,circle_arc,False,21,21,True,0,0,0,
circle_arc,34,42034,beam_search,True,0.9875,0.7172,1,draw,0.8947,1.0000,0.0800,circle_arc,False,21,21,True,0,0,0,
circle_arc,35,42035,greedy,True,0.9116,0.7325,1,draw,0.8636,1.0000,0.1429,circle_arc,False,24,24,True,0,0,0,
circle_arc,35,42035,beam_search,True,0.9116,0.7325,1,draw,0.8636,1.0000,0.1429,circle_arc,False,24,24,True,0,0,0,
circle_arc,36,42036,greedy,True,0.9846,0.3656,1,draw,0.8333,1.0000,0.1500,circle_arc,False,20,20,True,0,0,0,
circle_arc,36,42036,beam_search,True,0.9846,0.3640,1,draw,0.8333,1.0000,0.1500,circle_arc,False,20,20,True,0,0,0,
circle_arc,37,42037,greedy,False,0.0000,0.6142,1,draw,0.8636,1.0000,0.1304,circle_arc,False,24,24,True,0,0,0,cannot identify image file <_io.BytesIO object at 0x12876e480>
circle_arc,37,42037,beam_search,True,0.8061,0.1762,1,draw,0.8696,1.0000,0.1250,circle_arc,False,25,25,True,0,0,0,
circle_arc,38,42038,greedy,True,0.8518,0.2882,1,draw,0.8696,1.0000,0.1250,circle_arc,False,25,25,True,0,0,0,
circle_arc,38,42038,beam_search,True,0.8518,0.2882,1,draw,0.8696,1.0000,0.1250,circle_arc,False,25,25,True,0,0,0,
circle_arc,39,42039,greedy,True,0.9871,0.6881,1,draw,0.8947,1.0000,0.0833,circle_arc,False,21,21,True,0,0,0,
circle_arc,39,42039,beam_search,True,0.9818,0.6881,1,draw,0.8947,1.0000,0.0833,circle_arc,False,21,21,True,0,0,0,
circle_arc,40,42040,greedy,True,0.9331,0.3673,1,draw,0.8333,1.0000,0.1579,circle_arc,False,20,20,True,0,0,0,
circle_arc,40,42040,beam_search,True,0.9331,0.3673,1,draw,0.8333,1.0000,0.1579,circle_arc,False,20,20,True,0,0,0,
circle_arc,41,42041,greedy,True,0.9900,0.5011,1,draw,0.8421,1.0000,0.1364,circle_arc,False,21,21,True,0,0,0,
circle_arc,41,42041,beam_search,True,0.9900,0.5011,1,draw,0.8421,1.0000,0.1364,circle_arc,False,21,21,True,0,0,0,
circle_arc,42,42042,greedy,True,0.9877,0.4712,1,draw,0.8421,1.0000,0.1364,circle_arc,False,21,21,True,0,0,0,
circle_arc,42,42042,beam_search,True,0.9877,0.4712,1,draw,0.8421,1.0000,0.1364,circle_arc,False,21,21,True,0,0,0,
circle_arc,43,42043,greedy,True,0.8404,0.4374,1,draw,0.8696,1.0000,0.1250,circle_arc,False,25,25,True,0,0,0,
circle_arc,43,42043,beam_search,True,0.8404,0.4374,1,draw,0.8696,1.0000,0.1250,circle_arc,False,25,25,True,0,0,0,
circle_arc,44,42044,greedy,True,0.9834,0.6665,1,draw,0.8095,1.0000,0.1600,unknown,False,23,23,True,0,0,0,
circle_arc,44,42044,beam_search,True,0.9834,0.5921,1,draw,0.8095,1.0000,0.1600,unknown,False,23,23,True,0,0,0,
circle_arc,45,42045,greedy,True,0.9724,0.5122,1,draw,0.8333,1.0000,0.1579,circle_arc,False,20,20,True,0,0,0,
circle_arc,45,42045,beam_search,True,0.9790,0.4709,1,draw,0.8333,1.0000,0.1579,circle_arc,False,20,20,True,0,0,0,
circle_arc,46,42046,greedy,True,0.9531,0.5326,1,draw,0.8333,1.0000,0.1500,circle_arc,False,20,20,True,0,0,0,
circle_arc,46,42046,beam_search,True,0.9531,0.5326,1,draw,0.8333,1.0000,0.1500,circle_arc,False,20,20,True,0,0,0,
circle_arc,47,42047,greedy,True,0.9818,0.6670,1,draw,0.8421,1.0000,0.1364,circle_arc,False,21,21,True,0,0,0,
circle_arc,47,42047,beam_search,True,0.9818,0.6670,1,draw,0.8421,1.0000,0.1364,circle_arc,False,21,21,True,0,0,0,
circle_arc,48,42048,greedy,True,0.9468,0.3101,1,draw,0.8889,1.0000,0.0870,circle_arc,False,20,20,True,0,0,0,
circle_arc,48,42048,beam_search,True,0.9468,0.3101,1,draw,0.8889,1.0000,0.0870,circle_arc,False,20,20,True,0,0,0,
circle_arc,49,42049,greedy,True,0.8233,0.1000,1,draw,0.8696,1.0000,0.1250,circle_arc,False,25,25,True,0,0,0,
circle_arc,49,42049,beam_search,True,0.8233,0.1000,1,draw,0.8696,1.0000,0.1250,circle_arc,False,25,25,True,0,0,0,
circle_arc,50,42050,greedy,True,0.9656,0.3833,1,draw,0.8000,1.0000,0.1818,unknown,False,22,22,True,0,0,0,
circle_arc,50,42050,beam_search,True,0.9656,0.3833,1,draw,0.8000,1.0000,0.1818,unknown,False,22,22,True,0,0,0,
circle_arc,51,42051,greedy,False,0.0000,0.7237,1,draw,0.8636,1.0000,0.1364,circle_arc,False,24,24,True,0,0,0,cannot identify image file <_io.BytesIO object at 0x355e4b830>
circle_arc,51,42051,beam_search,False,0.0000,0.7739,1,draw,0.8636,1.0000,0.1429,circle_arc,False,24,24,True,0,0,0,cannot identify image file <_io.BytesIO object at 0x1287941d0>
circle_arc,52,42052,greedy,True,0.9623,0.2825,1,draw,0.8889,1.0000,0.0909,circle_arc,False,20,20,True,0,0,0,
circle_arc,52,42052,beam_search,True,0.9623,0.2825,1,draw,0.8889,1.0000,0.0909,circle_arc,False,20,20,True,0,0,0,
circle_arc,53,42053,greedy,True,0.9885,0.3979,1,draw,0.8095,1.0000,0.1600,unknown,False,23,23,True,0,0,0,
circle_arc,53,42053,beam_search,True,0.9885,0.5837,1,draw,0.8095,1.0000,0.1600,unknown,False,23,23,True,0,0,0,
circle_arc,54,42054,greedy,True,1.0000,0.5657,1,draw,0.8333,1.0000,0.1500,circle_arc,False,20,20,True,0,0,0,
circle_arc,54,42054,beam_search,True,1.0000,0.2947,1,draw,0.8333,1.0000,0.1500,circle_arc,False,20,20,True,0,0,0,
circle_arc,55,42055,greedy,True,0.8618,0.3981,1,draw,0.8636,1.0000,0.1364,circle_arc,False,24,24,True,0,0,0,
circle_arc,55,42055,beam_search,True,0.8618,0.3825,1,draw,0.8636,1.0000,0.1364,circle_arc,False,24,24,True,0,0,0,
circle_arc,56,42056,greedy,False,0.0000,0.7960,1,draw,0.9091,1.0000,0.1000,line_segment,True,24,24,True,0,0,0,cannot identify image file <_io.BytesIO object at 0x12876ed90>
circle_arc,56,42056,beam_search,False,0.0000,0.7960,1,draw,0.9091,1.0000,0.1000,line_segment,True,24,24,True,0,0,0,cannot identify image file <_io.BytesIO object at 0x11865b060>
circle_arc,57,42057,greedy,True,0.9956,0.3153,1,draw,0.8947,1.0000,0.0833,circle_arc,False,21,21,True,0,0,0,
circle_arc,57,42057,beam_search,True,0.9956,0.3153,1,draw,0.8947,1.0000,0.0833,circle_arc,False,21,21,True,0,0,0,
circle_arc,58,42058,greedy,True,0.8361,0.6245,1,draw,0.8696,1.0000,0.1250,circle_arc,False,25,25,True,0,0,0,
circle_arc,58,42058,beam_search,True,0.8361,0.6245,1,draw,0.8696,1.0000,0.1250,circle_arc,False,25,25,True,0,0,0,
circle_arc,59,42059,greedy,False,0.0000,0.2784,1,draw,0.8636,1.0000,0.1429,circle_arc,False,24,24,True,0,0,0,cannot identify image file <_io.BytesIO object at 0x355e4bba0>
circle_arc,59,42059,beam_search,False,0.0000,0.2784,1,draw,0.8636,1.0000,0.1429,circle_arc,False,24,24,True,0,0,0,cannot identify image file <_io.BytesIO object at 0x355e4b650>
circle_arc,60,42060,greedy,False,0.0000,0.3945,1,draw,0.8636,1.0000,0.1429,circle_arc,False,24,24,True,0,0,0,cannot identify image file <_io.BytesIO object at 0x355e4b6f0>
circle_arc,60,42060,beam_search,False,0.0000,0.4079,1,draw,0.8636,1.0000,0.1429,circle_arc,False,24,24,True,0,0,0,cannot identify image file <_io.BytesIO object at 0x355e4b920>
circle_arc,61,42061,greedy,True,0.9845,0.6145,1,draw,0.8000,1.0000,0.1739,unknown,False,22,22,True,0,0,0,
circle_arc,61,42061,beam_search,True,0.9845,0.6039,1,draw,0.8000,1.0000,0.1739,unknown,False,22,22,True,0,0,0,
circle_arc,62,42062,greedy,True,0.9637,0.3593,1,draw,0.8095,1.0000,0.1600,unknown,False,23,23,True,0,0,0,
circle_arc,62,42062,beam_search,True,0.9637,0.3540,1,draw,0.8095,1.0000,0.1600,unknown,False,23,23,True,0,0,0,
circle_arc,63,42063,greedy,True,0.9522,0.1332,1,draw,0.8095,1.0000,0.1600,unknown,False,23,23,True,0,0,0,
circle_arc,63,42063,beam_search,True,0.9522,0.1332,1,draw,0.8095,1.0000,0.1600,unknown,False,23,23,True,0,0,0,
circle_arc,64,42064,greedy,False,0.0000,0.2350,1,draw,0.8636,1.0000,0.1429,circle_arc,False,24,24,True,0,0,0,cannot identify image file <_io.BytesIO object at 0x355e4bb00>
circle_arc,64,42064,beam_search,False,0.0000,0.2350,1,draw,0.8636,1.0000,0.1429,circle_arc,False,24,24,True,0,0,0,cannot identify image file <_io.BytesIO object at 0x355e4b3d0>
circle_arc,65,42065,greedy,False,0.0000,0.4539,1,draw,0.8636,1.0000,0.1364,circle_arc,False,24,24,True,0,0,0,cannot identify image file <_io.BytesIO object at 0x12876f600>
circle_arc,65,42065,beam_search,False,0.0000,0.4539,1,draw,0.8636,1.0000,0.1364,circle_arc,False,24,24,True,0,0,0,cannot identify image file <_io.BytesIO object at 0x128794a40>
circle_arc,66,42066,greedy,True,0.7500,0.0568,1,draw,0.8696,1.0000,0.1250,circle_arc,False,25,25,True,0,0,0,
circle_arc,66,42066,beam_search,True,0.7500,0.0577,1,draw,0.8696,1.0000,0.1250,circle_arc,False,25,25,True,0,0,0,
circle_arc,67,42067,greedy,True,0.9802,0.1402,1,draw,0.8000,1.0000,0.1739,unknown,False,22,22,True,0,0,0,
circle_arc,67,42067,beam_search,True,0.9802,0.1402,1,draw,0.8000,1.0000,0.1739,unknown,False,22,22,True,0,0,0,
circle_arc,68,42068,greedy,True,0.9872,0.4646,1,draw,0.8000,1.0000,0.1818,unknown,False,22,22,True,0,0,0,
circle_arc,68,42068,beam_search,True,0.9872,0.4646,1,draw,0.8000,1.0000,0.1818,unknown,False,22,22,True,0,0,0,
circle_arc,69,42069,greedy,True,0.8863,0.6510,1,draw,0.8636,1.0000,0.1364,circle_arc,False,24,24,True,0,0,0,
circle_arc,69,42069,beam_search,True,0.8863,0.6510,1,draw,0.8636,1.0000,0.1364,circle_arc,False,24,24,True,0,0,0,
circle_arc,70,42070,greedy,True,0.9603,0.2011,1,draw,0.8000,1.0000,0.1739,unknown,False,22,22,True,0,0,0,
circle_arc,70,42070,beam_search,True,0.9603,0.1606,1,draw,0.8000,1.0000,0.1739,unknown,False,22,22,True,0,0,0,
circle_arc,71,42071,greedy,False,0.0000,0.6214,1,draw,0.8636,1.0000,0.1364,circle_arc,False,24,24,True,0,0,0,cannot identify image file <_io.BytesIO object at 0x355e4bf60>
circle_arc,71,42071,beam_search,False,0.0000,0.6373,1,draw,0.8636,1.0000,0.1364,circle_arc,False,24,24,True,0,0,0,cannot identify image file <_io.BytesIO object at 0x355e4bc40>
circle_arc,72,42072,greedy,True,0.9907,0.6787,1,draw,0.8421,1.0000,0.1364,circle_arc,False,21,21,True,0,0,0,
circle_arc,72,42072,beam_search,True,0.9907,0.6787,1,draw,0.8421,1.0000,0.1364,circle_arc,False,21,21,True,0,0,0,
circle_arc,73,42073,greedy,True,0.8271,0.6206,1,draw,0.8696,1.0000,0.1250,circle_arc,False,25,25,True,0,0,0,
circle_arc,73,42073,beam_search,True,0.3477,0.8497,1,draw,0.9130,1.0000,0.0870,line_segment,True,25,25,True,0,0,0,
circle_arc,74,42074,greedy,True,0.9533,0.4067,1,draw,0.8421,1.0000,0.1364,circle_arc,False,21,21,True,0,0,0,
circle_arc,74,42074,beam_search,True,0.9533,0.3824,1,draw,0.8421,1.0000,0.1364,circle_arc,False,21,21,True,0,0,0,
circle_arc,75,42075,greedy,True,0.9403,0.3600,1,draw,0.8095,1.0000,0.1600,unknown,False,23,23,True,0,0,0,
circle_arc,75,42075,beam_search,True,0.9403,0.3909,1,draw,0.8095,1.0000,0.1600,unknown,False,23,23,True,0,0,0,
circle_arc,76,42076,greedy,True,0.8936,0.2704,1,draw,0.8636,1.0000,0.1429,circle_arc,False,24,24,True,0,0,0,
circle_arc,76,42076,beam_search,True,0.8936,0.2704,1,draw,0.8636,1.0000,0.1429,circle_arc,False,24,24,True,0,0,0,
circle_arc,77,42077,greedy,True,0.5587,0.6489,1,draw,0.9130,1.0000,0.0800,line_segment,True,25,25,True,0,0,0,
circle_arc,77,42077,beam_search,True,0.5587,0.6489,1,draw,0.9130,1.0000,0.0800,line_segment,True,25,25,True,0,0,0,
circle_arc,78,42078,greedy,True,0.9835,0.5204,1,draw,0.8421,1.0000,0.1364,circle_arc,False,21,21,True,0,0,0,
circle_arc,78,42078,beam_search,True,0.9835,0.5204,1,draw,0.8421,1.0000,0.1364,circle_arc,False,21,21,True,0,0,0,
circle_arc,79,42079,greedy,True,0.9644,0.6564,1,draw,0.8095,1.0000,0.1600,unknown,False,23,23,True,0,0,0,
circle_arc,79,42079,beam_search,True,0.9644,0.6564,1,draw,0.8095,1.0000,0.1600,unknown,False,23,23,True,0,0,0,
circle_arc,80,42080,greedy,True,0.9881,0.4682,1,draw,0.8889,1.0000,0.0870,circle_arc,False,20,20,True,0,0,0,
circle_arc,80,42080,beam_search,True,0.9881,0.4682,1,draw,0.8889,1.0000,0.0870,circle_arc,False,20,20,True,0,0,0,
circle_arc,81,42081,greedy,True,0.9822,0.3042,1,draw,0.8095,1.0000,0.1667,unknown,False,23,23,True,0,0,0,
circle_arc,81,42081,beam_search,True,0.9822,0.3042,1,draw,0.8095,1.0000,0.1667,unknown,False,23,23,True,0,0,0,
circle_arc,82,42082,greedy,True,0.9994,0.7771,1,draw,0.8421,1.0000,0.1364,circle_arc,False,21,21,True,0,0,0,
circle_arc,82,42082,beam_search,True,0.9794,0.7771,1,draw,0.8421,1.0000,0.1364,circle_arc,False,21,21,True,0,0,0,
circle_arc,83,42083,greedy,True,0.8279,0.2932,1,draw,0.8696,1.0000,0.1250,circle_arc,False,25,25,True,0,0,0,
circle_arc,83,42083,beam_search,True,0.6080,0.6948,1,draw,0.9130,1.0000,0.0833,line_segment,True,25,25,True,0,0,0,
circle_arc,84,42084,greedy,True,0.9667,0.5941,1,draw,0.8889,1.0000,0.0870,circle_arc,False,20,20,True,0,0,0,
circle_arc,84,42084,beam_search,True,0.9667,0.5941,1,draw,0.8889,1.0000,0.0870,circle_arc,False,20,20,True,0,0,0,
circle_arc,85,42085,greedy,True,0.9672,0.1929,1,draw,0.8333,1.0000,0.1500,circle_arc,False,20,20,True,0,0,0,
circle_arc,85,42085,beam_search,True,0.9672,0.1929,1,draw,0.8333,1.0000,0.1500,circle_arc,False,20,20,True,0,0,0,
circle_arc,86,42086,greedy,True,0.7883,0.4969,1,draw,0.8696,1.0000,0.1250,circle_arc,False,25,25,True,0,0,0,
circle_arc,86,42086,beam_search,True,0.7883,0.4999,1,draw,0.8696,1.0000,0.1250,circle_arc,False,25,25,True,0,0,0,
circle_arc,87,42087,greedy,True,0.9924,0.4088,1,draw,0.8000,1.0000,0.1739,unknown,False,22,22,True,0,0,0,
circle_arc,87,42087,beam_search,True,0.9924,0.3895,1,draw,0.8000,1.0000,0.1739,unknown,False,22,22,True,0,0,0,
circle_arc,88,42088,greedy,True,0.9888,0.6309,1,draw,0.8947,1.0000,0.0800,circle_arc,False,21,21,True,0,0,0,
circle_arc,88,42088,beam_search,True,0.9888,0.6712,1,draw,0.8947,1.0000,0.0800,circle_arc,False,21,21,True,0,0,0,
circle_arc,89,42089,greedy,True,0.9761,0.3401,1,draw,0.8000,1.0000,0.1739,unknown,False,22,22,True,0,0,0,
circle_arc,89,42089,beam_search,True,0.9761,0.5122,1,draw,0.8000,1.0000,0.1739,unknown,False,22,22,True,0,0,0,
circle_arc,90,42090,greedy,True,0.9827,0.4900,1,draw,0.8421,1.0000,0.1364,circle_arc,False,21,21,True,0,0,0,
circle_arc,90,42090,beam_search,True,0.9827,0.4900,1,draw,0.8421,1.0000,0.1364,circle_arc,False,21,21,True,0,0,0,
circle_arc,91,42091,greedy,False,0.0000,0.7423,1,draw,0.8636,1.0000,0.1304,circle_arc,False,24,24,True,0,0,0,cannot identify image file <_io.BytesIO object at 0x12876ed90>
circle_arc,91,42091,beam_search,True,0.8651,0.4655,1,draw,0.8696,1.0000,0.1250,circle_arc,False,25,25,True,0,0,0,
circle_arc,92,42092,greedy,True,0.9905,0.0907,1,draw,0.8095,1.0000,0.1600,unknown,False,23,23,True,0,0,0,
circle_arc,92,42092,beam_search,True,0.9905,0.0907,1,draw,0.8095,1.0000,0.1600,unknown,False,23,23,True,0,0,0,
circle_arc,93,42093,greedy,True,0.9332,0.6304,1,draw,0.8095,1.0000,0.1600,unknown,False,23,23,True,0,0,0,
circle_arc,93,42093,beam_search,True,0.9329,0.5936,1,draw,0.8095,1.0000,0.1600,unknown,False,23,23,True,0,0,0,
circle_arc,94,42094,greedy,True,0.8659,0.5721,1,draw,0.8696,1.0000,0.1250,circle_arc,False,25,25,True,0,0,0,
circle_arc,94,42094,beam_search,True,0.8659,0.5721,1,draw,0.8696,1.0000,0.1250,circle_arc,False,25,25,True,0,0,0,
circle_arc,95,42095,greedy,True,0.9739,0.3930,1,draw,0.8889,1.0000,0.0870,circle_arc,False,20,20,True,0,0,0,
circle_arc,95,42095,beam_search,True,0.9739,0.3930,1,draw,0.8889,1.0000,0.0870,circle_arc,False,20,20,True,0,0,0,
circle_arc,96,42096,greedy,True,0.9601,0.5335,1,draw,0.8000,1.0000,0.1818,unknown,False,22,22,True,0,0,0,
circle_arc,96,42096,beam_search,True,0.9601,0.5335,1,draw,0.8000,1.0000,0.1818,unknown,False,22,22,True,0,0,0,
circle_arc,97,42097,greedy,True,0.9845,0.4351,1,draw,0.8421,1.0000,0.1364,circle_arc,False,21,21,True,0,0,0,
circle_arc,97,42097,beam_search,True,0.9845,0.6690,1,draw,0.8421,1.0000,0.1364,circle_arc,False,21,21,True,0,0,0,
circle_arc,98,42098,greedy,True,0.9600,0.5867,1,draw,0.8000,1.0000,0.1739,unknown,False,22,22,True,0,0,0,
circle_arc,98,42098,beam_search,True,0.9600,0.5867,1,draw,0.8000,1.0000,0.1739,unknown,False,22,22,True,0,0,0,
circle_arc,99,42099,greedy,True,0.9897,0.6475,1,draw,0.8421,1.0000,0.1429,circle_arc,False,21,21,True,0,0,0,
circle_arc,99,42099,beam_search,True,0.9897,0.6475,1,draw,0.8421,1.0000,0.1429,circle_arc,False,21,21,True,0,0,0,
grid_axes,0,42000,greedy,True,0.4827,0.0007,6,draw|draw|draw,0.9167,1.0000,0.1026,grid_axes,False,62,62,True,0,0,0,
grid_axes,0,42000,beam_search,True,0.4827,0.0007,6,draw|draw|draw,0.9167,1.0000,0.1026,grid_axes,False,62,62,True,0,0,0,
grid_axes,1,42001,greedy,True,0.9991,0.0007,6,draw|draw|draw,0.9167,1.0000,0.1026,grid_axes,False,62,62,True,0,0,0,
grid_axes,1,42001,beam_search,True,0.9991,0.0007,6,draw|draw|draw,0.9167,1.0000,0.1026,grid_axes,False,62,62,True,0,0,0,
grid_axes,2,42002,greedy,True,0.6253,0.0007,6,draw|draw|draw,0.9167,1.0000,0.1026,grid_axes,False,62,62,True,0,0,0,
grid_axes,2,42002,beam_search,True,0.6253,0.0007,6,draw|draw|draw,0.9167,1.0000,0.1026,grid_axes,False,62,62,True,0,0,0,
grid_axes,3,42003,greedy,True,0.6808,0.0007,6,draw|draw|draw,0.9167,1.0000,0.1026,grid_axes,False,62,62,True,0,0,0,
grid_axes,3,42003,beam_search,True,0.6808,0.0007,6,draw|draw|draw,0.9167,1.0000,0.1026,grid_axes,False,62,62,True,0,0,0,
grid_axes,4,42004,greedy,True,0.5044,0.0017,6,draw|draw|draw,0.9167,1.0000,0.1026,grid_axes,False,62,62,True,0,0,0,
grid_axes,4,42004,beam_search,True,0.5044,0.0017,6,draw|draw|draw,0.9167,1.0000,0.1026,grid_axes,False,62,62,True,0,0,0,
grid_axes,5,42005,greedy,True,0.9912,0.0013,6,draw|draw|draw,0.9167,1.0000,0.1026,grid_axes,False,62,62,True,0,0,0,
grid_axes,5,42005,beam_search,True,0.9912,0.0013,6,draw|draw|draw,0.9167,1.0000,0.1026,grid_axes,False,62,62,True,0,0,0,
grid_axes,6,42006,greedy,True,0.7585,0.0007,6,draw|draw|draw,0.9167,1.0000,0.1026,grid_axes,False,62,62,True,0,0,0,
grid_axes,6,42006,beam_search,True,0.7585,0.0007,6,draw|draw|draw,0.9167,1.0000,0.1026,grid_axes,False,62,62,True,0,0,0,
grid_axes,7,42007,greedy,True,0.4532,0.0010,6,draw|draw|draw,0.9167,1.0000,0.1026,grid_axes,False,62,62,True,0,0,0,
grid_axes,7,42007,beam_search,True,0.4532,0.0010,6,draw|draw|draw,0.9167,1.0000,0.1026,grid_axes,False,62,62,True,0,0,0,
grid_axes,8,42008,greedy,True,1.0000,0.0013,6,draw|draw|draw,0.9167,1.0000,0.1026,grid_axes,False,62,62,True,0,0,0,
grid_axes,8,42008,beam_search,True,1.0000,0.0013,6,draw|draw|draw,0.9167,1.0000,0.1026,grid_axes,False,62,62,True,0,0,0,
grid_axes,9,42009,greedy,True,0.8294,0.0017,6,draw|draw|draw,0.9167,1.0000,0.1026,grid_axes,False,62,62,True,0,0,0,
grid_axes,9,42009,beam_search,True,0.8294,0.0017,6,draw|draw|draw,0.9167,1.0000,0.1026,grid_axes,False,62,62,True,0,0,0,
grid_axes,10,42010,greedy,True,0.7666,0.0010,6,draw|draw|draw,0.9167,1.0000,0.1026,grid_axes,False,62,62,True,0,0,0,
grid_axes,10,42010,beam_search,True,0.7666,0.0010,6,draw|draw|draw,0.9167,1.0000,0.1026,grid_axes,False,62,62,True,0,0,0,
grid_axes,11,42011,greedy,True,0.9966,0.0017,6,draw|draw|draw,0.9167,1.0000,0.1026,grid_axes,False,62,62,True,0,0,0,
grid_axes,11,42011,beam_search,True,0.9966,0.0017,6,draw|draw|draw,0.9167,1.0000,0.1026,grid_axes,False,62,62,True,0,0,0,
grid_axes,12,42012,greedy,True,0.5747,0.0000,6,draw|draw|draw,0.9167,1.0000,0.1026,grid_axes,False,62,62,True,0,0,0,
grid_axes,12,42012,beam_search,True,0.5747,0.0000,6,draw|draw|draw,0.9167,1.0000,0.1026,grid_axes,False,62,62,True,0,0,0,
grid_axes,13,42013,greedy,True,1.0000,0.0007,6,draw|draw|draw,0.9167,1.0000,0.1026,grid_axes,False,62,62,True,0,0,0,
grid_axes,13,42013,beam_search,True,1.0000,0.0007,6,draw|draw|draw,0.9167,1.0000,0.1026,grid_axes,False,62,62,True,0,0,0,
grid_axes,14,42014,greedy,True,0.3090,0.0007,6,draw|draw|draw,0.9167,1.0000,0.1026,grid_axes,False,62,62,True,0,0,0,
grid_axes,14,42014,beam_search,True,0.3090,0.0007,6,draw|draw|draw,0.9167,1.0000,0.1026,grid_axes,False,62,62,True,0,0,0,
grid_axes,15,42015,greedy,True,0.8845,0.0000,6,draw|draw|draw,0.9167,1.0000,0.1026,grid_axes,False,62,62,True,0,0,0,
grid_axes,15,42015,beam_search,True,0.8845,0.0000,6,draw|draw|draw,0.9167,1.0000,0.1026,grid_axes,False,62,62,True,0,0,0,
grid_axes,16,42016,greedy,True,0.6774,0.0000,6,draw|draw|draw,0.9167,1.0000,0.1026,grid_axes,False,62,62,True,0,0,0,
grid_axes,16,42016,beam_search,True,0.6774,0.0000,6,draw|draw|draw,0.9167,1.0000,0.1026,grid_axes,False,62,62,True,0,0,0,
grid_axes,17,42017,greedy,True,0.6739,0.0010,6,draw|draw|draw,0.9167,1.0000,0.1026,grid_axes,False,62,62,True,0,0,0,
grid_axes,17,42017,beam_search,True,0.6739,0.0010,6,draw|draw|draw,0.9167,1.0000,0.1026,grid_axes,False,62,62,True,0,0,0,
grid_axes,18,42018,greedy,True,0.7815,0.0003,6,draw|draw|draw,0.9167,1.0000,0.1026,grid_axes,False,62,62,True,0,0,0,
grid_axes,18,42018,beam_search,True,0.7815,0.0003,6,draw|draw|draw,0.9167,1.0000,0.1026,grid_axes,False,62,62,True,0,0,0,
grid_axes,19,42019,greedy,True,0.6920,0.0017,6,draw|draw|draw,0.9167,1.0000,0.1026,grid_axes,False,62,62,True,0,0,0,
grid_axes,19,42019,beam_search,True,0.6920,0.0017,6,draw|draw|draw,0.9167,1.0000,0.1026,grid_axes,False,62,62,True,0,0,0,
grid_axes,20,42020,greedy,True,0.6735,0.0007,6,draw|draw|draw,0.9167,1.0000,0.1026,grid_axes,False,62,62,True,0,0,0,
grid_axes,20,42020,beam_search,True,0.6735,0.0007,6,draw|draw|draw,0.9167,1.0000,0.1026,grid_axes,False,62,62,True,0,0,0,
grid_axes,21,42021,greedy,True,0.2097,0.0000,6,draw|draw|draw,0.9167,1.0000,0.1026,grid_axes,False,62,62,True,0,0,0,
grid_axes,21,42021,beam_search,True,0.2097,0.0000,6,draw|draw|draw,0.9167,1.0000,0.1026,grid_axes,False,62,62,True,0,0,0,
grid_axes,22,42022,greedy,True,0.7585,0.0003,6,draw|draw|draw,0.9167,1.0000,0.1026,grid_axes,False,62,62,True,0,0,0,
grid_axes,22,42022,beam_search,True,0.7585,0.0003,6,draw|draw|draw,0.9167,1.0000,0.1026,grid_axes,False,62,62,True,0,0,0,
grid_axes,23,42023,greedy,True,0.5118,0.0003,6,draw|draw|draw,0.9167,1.0000,0.1026,grid_axes,False,62,62,True,0,0,0,
grid_axes,23,42023,beam_search,True,0.5118,0.0003,6,draw|draw|draw,0.9167,1.0000,0.1026,grid_axes,False,62,62,True,0,0,0,
grid_axes,24,42024,greedy,True,0.6996,0.0000,6,draw|draw|draw,0.9167,1.0000,0.1026,grid_axes,False,62,62,True,0,0,0,
grid_axes,24,42024,beam_search,True,0.6996,0.0000,6,draw|draw|draw,0.9167,1.0000,0.1026,grid_axes,False,62,62,True,0,0,0,
grid_axes,25,42025,greedy,True,0.6026,0.0000,6,draw|draw|draw,0.9167,1.0000,0.1026,grid_axes,False,62,62,True,0,0,0,
grid_axes,25,42025,beam_search,True,0.6026,0.0000,6,draw|draw|draw,0.9167,1.0000,0.1026,grid_axes,False,62,62,True,0,0,0,
grid_axes,26,42026,greedy,True,0.3084,0.0007,6,draw|draw|draw,0.9167,1.0000,0.1026,grid_axes,False,62,62,True,0,0,0,
grid_axes,26,42026,beam_search,True,0.3084,0.0007,6,draw|draw|draw,0.9167,1.0000,0.1026,grid_axes,False,62,62,True,0,0,0,
grid_axes,27,42027,greedy,True,1.0000,0.0010,6,draw|draw|draw,0.9167,1.0000,0.1026,grid_axes,False,62,62,True,0,0,0,
grid_axes,27,42027,beam_search,True,1.0000,0.0007,6,draw|draw|draw,0.9167,1.0000,0.1026,grid_axes,False,62,62,True,0,0,0,
grid_axes,28,42028,greedy,True,0.9002,0.0010,6,draw|draw|draw,0.9167,1.0000,0.1026,grid_axes,False,62,62,True,0,0,0,
grid_axes,28,42028,beam_search,True,0.9002,0.0010,6,draw|draw|draw,0.9167,1.0000,0.1026,grid_axes,False,62,62,True,0,0,0,
grid_axes,29,42029,greedy,True,0.4303,0.0007,6,draw|draw|draw,0.9167,1.0000,0.1026,grid_axes,False,62,62,True,0,0,0,
grid_axes,29,42029,beam_search,True,0.4303,0.0007,6,draw|draw|draw,0.9167,1.0000,0.1026,grid_axes,False,62,62,True,0,0,0,
grid_axes,30,42030,greedy,True,0.8077,0.0003,6,draw|draw|draw,0.9167,1.0000,0.1026,grid_axes,False,62,62,True,0,0,0,
grid_axes,30,42030,beam_search,True,0.8077,0.0003,6,draw|draw|draw,0.9167,1.0000,0.1026,grid_axes,False,62,62,True,0,0,0,
grid_axes,31,42031,greedy,True,0.5582,0.0003,6,draw|draw|draw,0.9167,1.0000,0.1026,grid_axes,False,62,62,True,0,0,0,
grid_axes,31,42031,beam_search,True,0.5582,0.0003,6,draw|draw|draw,0.9167,1.0000,0.1026,grid_axes,False,62,62,True,0,0,0,
grid_axes,32,42032,greedy,True,0.6809,0.0010,6,draw|draw|draw,0.9167,1.0000,0.1026,grid_axes,False,62,62,True,0,0,0,
grid_axes,32,42032,beam_search,True,0.6809,0.0010,6,draw|draw|draw,0.9167,1.0000,0.1026,grid_axes,False,62,62,True,0,0,0,
grid_axes,33,42033,greedy,True,0.4858,0.0013,6,draw|draw|draw,0.9167,1.0000,0.1026,grid_axes,False,62,62,True,0,0,0,
grid_axes,33,42033,beam_search,True,0.4858,0.0013,6,draw|draw|draw,0.9167,1.0000,0.1026,grid_axes,False,62,62,True,0,0,0,
grid_axes,34,42034,greedy,True,0.1837,0.0003,6,draw|draw|draw,0.9167,1.0000,0.1026,grid_axes,False,62,62,True,0,0,0,
grid_axes,34,42034,beam_search,True,0.1837,0.0003,6,draw|draw|draw,0.9167,1.0000,0.1026,grid_axes,False,62,62,True,0,0,0,
grid_axes,35,42035,greedy,True,0.3674,0.0003,6,draw|draw|draw,0.9167,1.0000,0.1026,grid_axes,False,62,62,True,0,0,0,
grid_axes,35,42035,beam_search,True,0.3674,0.0003,6,draw|draw|draw,0.9167,1.0000,0.1026,grid_axes,False,62,62,True,0,0,0,
grid_axes,36,42036,greedy,True,0.8586,0.0003,6,draw|draw|draw,0.9167,1.0000,0.1026,grid_axes,False,62,62,True,0,0,0,
grid_axes,36,42036,beam_search,True,0.8586,0.0003,6,draw|draw|draw,0.9167,1.0000,0.1026,grid_axes,False,62,62,True,0,0,0,
grid_axes,37,42037,greedy,True,1.0000,0.0023,6,draw|draw|draw,0.9167,1.0000,0.1026,grid_axes,False,62,62,True,0,0,0,
grid_axes,37,42037,beam_search,True,1.0000,0.0023,6,draw|draw|draw,0.9167,1.0000,0.1026,grid_axes,False,62,62,True,0,0,0,
grid_axes,38,42038,greedy,True,0.7024,0.0000,6,draw|draw|draw,0.9167,1.0000,0.1026,grid_axes,False,62,62,True,0,0,0,
grid_axes,38,42038,beam_search,True,0.7024,0.0000,6,draw|draw|draw,0.9167,1.0000,0.1026,grid_axes,False,62,62,True,0,0,0,
grid_axes,39,42039,greedy,True,0.8357,0.0013,6,draw|draw|draw,0.9167,1.0000,0.1026,grid_axes,False,62,62,True,0,0,0,
grid_axes,39,42039,beam_search,True,0.8357,0.0013,6,draw|draw|draw,0.9167,1.0000,0.1026,grid_axes,False,62,62,True,0,0,0,
grid_axes,40,42040,greedy,True,0.1203,0.0003,6,draw|draw|draw,0.9167,1.0000,0.1026,grid_axes,False,62,62,True,0,0,0,
grid_axes,40,42040,beam_search,True,0.1203,0.0003,6,draw|draw|draw,0.9167,1.0000,0.1026,grid_axes,False,62,62,True,0,0,0,
grid_axes,41,42041,greedy,True,0.8042,0.0027,6,draw|draw|draw,0.9167,1.0000,0.1026,grid_axes,False,62,62,True,0,0,0,
grid_axes,41,42041,beam_search,True,0.8042,0.0027,6,draw|draw|draw,0.9167,1.0000,0.1026,grid_axes,False,62,62,True,0,0,0,
grid_axes,42,42042,greedy,True,0.9947,0.0013,6,draw|draw|draw,0.9167,1.0000,0.1026,grid_axes,False,62,62,True,0,0,0,
grid_axes,42,42042,beam_search,True,0.9947,0.0013,6,draw|draw|draw,0.9167,1.0000,0.1026,grid_axes,False,62,62,True,0,0,0,
grid_axes,43,42043,greedy,True,0.7677,0.0007,6,draw|draw|draw,0.9167,1.0000,0.1026,grid_axes,False,62,62,True,0,0,0,
grid_axes,43,42043,beam_search,True,0.7677,0.0007,6,draw|draw|draw,0.9167,1.0000,0.1026,grid_axes,False,62,62,True,0,0,0,
grid_axes,44,42044,greedy,True,0.7564,0.0007,6,draw|draw|draw,0.9167,1.0000,0.1026,grid_axes,False,62,62,True,0,0,0,
grid_axes,44,42044,beam_search,True,0.7564,0.0007,6,draw|draw|draw,0.9167,1.0000,0.1026,grid_axes,False,62,62,True,0,0,0,
grid_axes,45,42045,greedy,True,1.0000,0.0003,6,draw|draw|draw,0.9167,1.0000,0.1026,grid_axes,False,62,62,True,0,0,0,
grid_axes,45,42045,beam_search,True,1.0000,0.0003,6,draw|draw|draw,0.9167,1.0000,0.1026,grid_axes,False,62,62,True,0,0,0,
grid_axes,46,42046,greedy,True,0.9546,0.0000,6,draw|draw|draw,0.9167,1.0000,0.1026,grid_axes,False,62,62,True,0,0,0,
grid_axes,46,42046,beam_search,True,0.9546,0.0000,6,draw|draw|draw,0.9167,1.0000,0.1026,grid_axes,False,62,62,True,0,0,0,
grid_axes,47,42047,greedy,True,0.7092,0.0007,6,draw|draw|draw,0.9167,1.0000,0.1026,grid_axes,False,62,62,True,0,0,0,
grid_axes,47,42047,beam_search,True,0.7092,0.0007,6,draw|draw|draw,0.9167,1.0000,0.1026,grid_axes,False,62,62,True,0,0,0,
grid_axes,48,42048,greedy,True,0.6708,0.0003,6,draw|draw|draw,0.9167,1.0000,0.1026,grid_axes,False,62,62,True,0,0,0,
grid_axes,48,42048,beam_search,True,0.6708,0.0003,6,draw|draw|draw,0.9167,1.0000,0.1026,grid_axes,False,62,62,True,0,0,0,
grid_axes,49,42049,greedy,True,0.4428,0.0007,6,draw|draw|draw,0.9167,1.0000,0.1026,grid_axes,False,62,62,True,0,0,0,
grid_axes,49,42049,beam_search,True,0.4323,0.0010,6,draw|draw|draw,0.9167,1.0000,0.1026,grid_axes,False,62,62,True,0,0,0,
grid_axes,50,42050,greedy,True,0.9288,0.0013,6,draw|draw|draw,0.9167,1.0000,0.1026,grid_axes,False,62,62,True,0,0,0,
grid_axes,50,42050,beam_search,True,0.9288,0.0013,6,draw|draw|draw,0.9167,1.0000,0.1026,grid_axes,False,62,62,True,0,0,0,
grid_axes,51,42051,greedy,True,1.0000,0.0000,6,draw|draw|draw,0.9167,1.0000,0.1026,grid_axes,False,62,62,True,0,0,0,
grid_axes,51,42051,beam_search,True,1.0000,0.0000,6,draw|draw|draw,0.9167,1.0000,0.1026,grid_axes,False,62,62,True,0,0,0,
grid_axes,52,42052,greedy,True,0.9999,0.0007,6,draw|draw|draw,0.9167,1.0000,0.1026,grid_axes,False,62,62,True,0,0,0,
grid_axes,52,42052,beam_search,True,0.9999,0.0007,6,draw|draw|draw,0.9167,1.0000,0.1026,grid_axes,False,62,62,True,0,0,0,
grid_axes,53,42053,greedy,True,0.6158,0.0000,6,draw|draw|draw,0.9167,1.0000,0.1026,grid_axes,False,62,62,True,0,0,0,
grid_axes,53,42053,beam_search,True,0.6158,0.0000,6,draw|draw|draw,0.9167,1.0000,0.1026,grid_axes,False,62,62,True,0,0,0,
grid_axes,54,42054,greedy,True,0.7344,0.0003,6,draw|draw|draw,0.9167,1.0000,0.1026,grid_axes,False,62,62,True,0,0,0,
grid_axes,54,42054,beam_search,True,0.7344,0.0003,6,draw|draw|draw,0.9167,1.0000,0.1026,grid_axes,False,62,62,True,0,0,0,
grid_axes,55,42055,greedy,True,0.8419,0.0017,6,draw|draw|draw,0.9167,1.0000,0.1026,grid_axes,False,62,62,True,0,0,0,
grid_axes,55,42055,beam_search,True,0.8419,0.0017,6,draw|draw|draw,0.9167,1.0000,0.1026,grid_axes,False,62,62,True,0,0,0,
grid_axes,56,42056,greedy,True,0.8902,0.0010,6,draw|draw|draw,0.9167,1.0000,0.1026,grid_axes,False,62,62,True,0,0,0,
grid_axes,56,42056,beam_search,True,0.8902,0.0010,6,draw|draw|draw,0.9167,1.0000,0.1026,grid_axes,False,62,62,True,0,0,0,
grid_axes,57,42057,greedy,True,0.6748,0.0013,6,draw|draw|draw,0.9167,1.0000,0.1026,grid_axes,False,62,62,True,0,0,0,
grid_axes,57,42057,beam_search,True,0.6748,0.0013,6,draw|draw|draw,0.9167,1.0000,0.1026,grid_axes,False,62,62,True,0,0,0,
grid_axes,58,42058,greedy,True,0.0644,0.0007,6,draw|draw|draw,0.9167,1.0000,0.1026,grid_axes,False,62,62,True,0,0,0,
grid_axes,58,42058,beam_search,True,0.0644,0.0007,6,draw|draw|draw,0.9167,1.0000,0.1026,grid_axes,False,62,62,True,0,0,0,
grid_axes,59,42059,greedy,True,1.0000,0.0013,6,draw|draw|draw,0.9167,1.0000,0.1026,grid_axes,False,62,62,True,0,0,0,
grid_axes,59,42059,beam_search,True,1.0000,0.0013,6,draw|draw|draw,0.9167,1.0000,0.1026,grid_axes,False,62,62,True,0,0,0,
grid_axes,60,42060,greedy,True,0.0753,0.0007,6,draw|draw|draw,0.9167,1.0000,0.1026,grid_axes,False,62,62,True,0,0,0,
grid_axes,60,42060,beam_search,True,0.0753,0.0007,6,draw|draw|draw,0.9167,1.0000,0.1026,grid_axes,False,62,62,True,0,0,0,
grid_axes,61,42061,greedy,True,0.6689,0.0013,6,draw|draw|draw,0.9167,1.0000,0.1026,grid_axes,False,62,62,True,0,0,0,
grid_axes,61,42061,beam_search,True,0.6689,0.0013,6,draw|draw|draw,0.9167,1.0000,0.1026,grid_axes,False,62,62,True,0,0,0,
grid_axes,62,42062,greedy,True,0.7123,0.0003,6,draw|draw|draw,0.9167,1.0000,0.1026,grid_axes,False,62,62,True,0,0,0,
grid_axes,62,42062,beam_search,True,0.7123,0.0003,6,draw|draw|draw,0.9167,1.0000,0.1026,grid_axes,False,62,62,True,0,0,0,
grid_axes,63,42063,greedy,True,0.4988,0.0007,6,draw|draw|draw,0.9167,1.0000,0.1026,grid_axes,False,62,62,True,0,0,0,
grid_axes,63,42063,beam_search,True,0.4988,0.0007,6,draw|draw|draw,0.9167,1.0000,0.1026,grid_axes,False,62,62,True,0,0,0,
grid_axes,64,42064,greedy,True,0.9372,0.0000,6,draw|draw|draw,0.9167,1.0000,0.1026,grid_axes,False,62,62,True,0,0,0,
grid_axes,64,42064,beam_search,True,0.9372,0.0000,6,draw|draw|draw,0.9167,1.0000,0.1026,grid_axes,False,62,62,True,0,0,0,
grid_axes,65,42065,greedy,True,0.5688,0.0003,6,draw|draw|draw,0.9167,1.0000,0.1026,grid_axes,False,62,62,True,0,0,0,
grid_axes,65,42065,beam_search,True,0.5688,0.0003,6,draw|draw|draw,0.9167,1.0000,0.1026,grid_axes,False,62,62,True,0,0,0,
grid_axes,66,42066,greedy,True,0.7688,0.0003,6,draw|draw|draw,0.9167,1.0000,0.1026,grid_axes,False,62,62,True,0,0,0,
grid_axes,66,42066,beam_search,True,0.7688,0.0003,6,draw|draw|draw,0.9167,1.0000,0.1026,grid_axes,False,62,62,True,0,0,0,
grid_axes,67,42067,greedy,True,0.9962,0.0007,6,draw|draw|draw,0.9167,1.0000,0.1026,grid_axes,False,62,62,True,0,0,0,
grid_axes,67,42067,beam_search,True,0.9962,0.0007,6,draw|draw|draw,0.9167,1.0000,0.1026,grid_axes,False,62,62,True,0,0,0,
grid_axes,68,42068,greedy,True,0.0735,0.0000,6,draw|draw|draw,0.9167,1.0000,0.1026,grid_axes,False,62,62,True,0,0,0,
grid_axes,68,42068,beam_search,True,0.0735,0.0000,6,draw|draw|draw,0.9167,1.0000,0.1026,grid_axes,False,62,62,True,0,0,0,
grid_axes,69,42069,greedy,True,0.8658,0.0013,6,draw|draw|draw,0.9167,1.0000,0.1026,grid_axes,False,62,62,True,0,0,0,
grid_axes,69,42069,beam_search,True,0.8658,0.0013,6,draw|draw|draw,0.9167,1.0000,0.1026,grid_axes,False,62,62,True,0,0,0,
grid_axes,70,42070,greedy,True,0.6728,0.0013,6,draw|draw|draw,0.9167,1.0000,0.1026,grid_axes,False,62,62,True,0,0,0,
grid_axes,70,42070,beam_search,True,0.6704,0.0003,6,draw|draw|draw,0.9167,1.0000,0.1026,grid_axes,False,62,62,True,0,0,0,
grid_axes,71,42071,greedy,True,0.7651,0.0007,6,draw|draw|draw,0.9167,1.0000,0.1026,grid_axes,False,62,62,True,0,0,0,
grid_axes,71,42071,beam_search,True,0.7651,0.0007,6,draw|draw|draw,0.9167,1.0000,0.1026,grid_axes,False,62,62,True,0,0,0,
grid_axes,72,42072,greedy,True,0.7508,0.0013,6,draw|draw|draw,0.9167,1.0000,0.1026,grid_axes,False,62,62,True,0,0,0,
grid_axes,72,42072,beam_search,True,0.7508,0.0013,6,draw|draw|draw,0.9167,1.0000,0.1026,grid_axes,False,62,62,True,0,0,0,
grid_axes,73,42073,greedy,True,0.7318,0.0003,6,draw|draw|draw,0.9167,1.0000,0.1026,grid_axes,False,62,62,True,0,0,0,
grid_axes,73,42073,beam_search,True,0.7318,0.0003,6,draw|draw|draw,0.9167,1.0000,0.1026,grid_axes,False,62,62,True,0,0,0,
grid_axes,74,42074,greedy,True,0.9014,0.0010,6,draw|draw|draw,0.9167,1.0000,0.1026,grid_axes,False,62,62,True,0,0,0,
grid_axes,74,42074,beam_search,True,0.9014,0.0010,6,draw|draw|draw,0.9167,1.0000,0.1026,grid_axes,False,62,62,True,0,0,0,
grid_axes,75,42075,greedy,True,0.6856,0.0017,6,draw|draw|draw,0.9167,1.0000,0.1026,grid_axes,False,62,62,True,0,0,0,
grid_axes,75,42075,beam_search,True,0.6856,0.0017,6,draw|draw|draw,0.9167,1.0000,0.1026,grid_axes,False,62,62,True,0,0,0,
grid_axes,76,42076,greedy,True,0.8386,0.0003,6,draw|draw|draw,0.9167,1.0000,0.1026,grid_axes,False,62,62,True,0,0,0,
grid_axes,76,42076,beam_search,True,0.8386,0.0003,6,draw|draw|draw,0.9167,1.0000,0.1026,grid_axes,False,62,62,True,0,0,0,
grid_axes,77,42077,greedy,True,0.9997,0.0003,6,draw|draw|draw,0.9167,1.0000,0.1026,grid_axes,False,62,62,True,0,0,0,
grid_axes,77,42077,beam_search,True,0.9997,0.0003,6,draw|draw|draw,0.9167,1.0000,0.1026,grid_axes,False,62,62,True,0,0,0,
grid_axes,78,42078,greedy,True,1.0000,0.0003,6,draw|draw|draw,0.9167,1.0000,0.1026,grid_axes,False,62,62,True,0,0,0,
grid_axes,78,42078,beam_search,True,1.0000,0.0003,6,draw|draw|draw,0.9167,1.0000,0.1026,grid_axes,False,62,62,True,0,0,0,
grid_axes,79,42079,greedy,True,0.9993,0.0013,6,draw|draw|draw,0.9167,1.0000,0.1026,grid_axes,False,62,62,True,0,0,0,
grid_axes,79,42079,beam_search,True,0.9993,0.0013,6,draw|draw|draw,0.9167,1.0000,0.1026,grid_axes,False,62,62,True,0,0,0,
grid_axes,80,42080,greedy,True,0.9983,0.0003,6,draw|draw|draw,0.9167,1.0000,0.1026,grid_axes,False,62,62,True,0,0,0,
grid_axes,80,42080,beam_search,True,0.9983,0.0003,6,draw|draw|draw,0.9167,1.0000,0.1026,grid_axes,False,62,62,True,0,0,0,
grid_axes,81,42081,greedy,True,0.9916,0.0007,6,draw|draw|draw,0.9167,1.0000,0.1026,grid_axes,False,62,62,True,0,0,0,
grid_axes,81,42081,beam_search,True,0.9916,0.0007,6,draw|draw|draw,0.9167,1.0000,0.1026,grid_axes,False,62,62,True,0,0,0,
grid_axes,82,42082,greedy,True,0.7112,0.0003,6,draw|draw|draw,0.9167,1.0000,0.1026,grid_axes,False,62,62,True,0,0,0,
grid_axes,82,42082,beam_search,True,0.7112,0.0003,6,draw|draw|draw,0.9167,1.0000,0.1026,grid_axes,False,62,62,True,0,0,0,
grid_axes,83,42083,greedy,True,0.8220,0.0010,6,draw|draw|draw,0.9167,1.0000,0.1026,grid_axes,False,62,62,True,0,0,0,
grid_axes,83,42083,beam_search,True,0.8220,0.0010,6,draw|draw|draw,0.9167,1.0000,0.1026,grid_axes,False,62,62,True,0,0,0,
grid_axes,84,42084,greedy,True,0.7842,0.0007,6,draw|draw|draw,0.9167,1.0000,0.1026,grid_axes,False,62,62,True,0,0,0,
grid_axes,84,42084,beam_search,True,0.7842,0.0007,6,draw|draw|draw,0.9167,1.0000,0.1026,grid_axes,False,62,62,True,0,0,0,
grid_axes,85,42085,greedy,True,1.0000,0.0010,6,draw|draw|draw,0.9167,1.0000,0.1026,grid_axes,False,62,62,True,0,0,0,
grid_axes,85,42085,beam_search,True,1.0000,0.0010,6,draw|draw|draw,0.9167,1.0000,0.1026,grid_axes,False,62,62,True,0,0,0,
grid_axes,86,42086,greedy,True,0.6368,0.0013,6,draw|draw|draw,0.9167,1.0000,0.1026,grid_axes,False,62,62,True,0,0,0,
grid_axes,86,42086,beam_search,True,0.5530,0.0003,6,draw|draw|draw,0.9167,1.0000,0.1026,grid_axes,False,62,62,True,0,0,0,
grid_axes,87,42087,greedy,True,0.5965,0.0010,6,draw|draw|draw,0.9167,1.0000,0.1026,grid_axes,False,62,62,True,0,0,0,
grid_axes,87,42087,beam_search,True,0.5965,0.0010,6,draw|draw|draw,0.9167,1.0000,0.1026,grid_axes,False,62,62,True,0,0,0,
grid_axes,88,42088,greedy,True,0.5635,0.0003,6,draw|draw|draw,0.9167,1.0000,0.1026,grid_axes,False,62,62,True,0,0,0,
grid_axes,88,42088,beam_search,True,0.5635,0.0003,6,draw|draw|draw,0.9167,1.0000,0.1026,grid_axes,False,62,62,True,0,0,0,
grid_axes,89,42089,greedy,True,0.2115,0.0003,6,draw|draw|draw,0.9167,1.0000,0.1026,grid_axes,False,62,62,True,0,0,0,
grid_axes,89,42089,beam_search,True,0.2115,0.0003,6,draw|draw|draw,0.9167,1.0000,0.1026,grid_axes,False,62,62,True,0,0,0,
grid_axes,90,42090,greedy,True,0.9951,0.0013,6,draw|draw|draw,0.9167,1.0000,0.1026,grid_axes,False,62,62,True,0,0,0,
grid_axes,90,42090,beam_search,True,0.9951,0.0013,6,draw|draw|draw,0.9167,1.0000,0.1026,grid_axes,False,62,62,True,0,0,0,
grid_axes,91,42091,greedy,True,0.3149,0.0010,6,draw|draw|draw,0.9167,1.0000,0.1026,grid_axes,False,62,62,True,0,0,0,
grid_axes,91,42091,beam_search,True,0.3149,0.0010,6,draw|draw|draw,0.9167,1.0000,0.1026,grid_axes,False,62,62,True,0,0,0,
grid_axes,92,42092,greedy,True,0.8813,0.0017,6,draw|draw|draw,0.9167,1.0000,0.1026,grid_axes,False,62,62,True,0,0,0,
grid_axes,92,42092,beam_search,True,0.8813,0.0017,6,draw|draw|draw,0.9167,1.0000,0.1026,grid_axes,False,62,62,True,0,0,0,
grid_axes,93,42093,greedy,True,0.2840,0.0007,6,draw|draw|draw,0.9167,1.0000,0.1026,grid_axes,False,62,62,True,0,0,0,
grid_axes,93,42093,beam_search,True,0.2840,0.0007,6,draw|draw|draw,0.9167,1.0000,0.1026,grid_axes,False,62,62,True,0,0,0,
grid_axes,94,42094,greedy,True,0.7260,0.0000,6,draw|draw|draw,0.9167,1.0000,0.1026,grid_axes,False,62,62,True,0,0,0,
grid_axes,94,42094,beam_search,True,0.7260,0.0000,6,draw|draw|draw,0.9167,1.0000,0.1026,grid_axes,False,62,62,True,0,0,0,
grid_axes,95,42095,greedy,True,0.7919,0.0003,6,draw|draw|draw,0.9167,1.0000,0.1026,grid_axes,False,62,62,True,0,0,0,
grid_axes,95,42095,beam_search,True,0.7919,0.0003,6,draw|draw|draw,0.9167,1.0000,0.1026,grid_axes,False,62,62,True,0,0,0,
grid_axes,96,42096,greedy,True,0.8897,0.0000,6,draw|draw|draw,0.9167,1.0000,0.1026,grid_axes,False,62,62,True,0,0,0,
grid_axes,96,42096,beam_search,True,0.8897,0.0000,6,draw|draw|draw,0.9167,1.0000,0.1026,grid_axes,False,62,62,True,0,0,0,
grid_axes,97,42097,greedy,True,1.0000,0.0003,6,draw|draw|draw,0.9167,1.0000,0.1026,grid_axes,False,62,62,True,0,0,0,
grid_axes,97,42097,beam_search,True,1.0000,0.0003,6,draw|draw|draw,0.9167,1.0000,0.1026,grid_axes,False,62,62,True,0,0,0,
grid_axes,98,42098,greedy,True,0.2699,0.0000,6,draw|draw|draw,0.9167,1.0000,0.1026,grid_axes,False,62,62,True,0,0,0,
grid_axes,98,42098,beam_search,True,0.2699,0.0000,6,draw|draw|draw,0.9167,1.0000,0.1026,grid_axes,False,62,62,True,0,0,0,
grid_axes,99,42099,greedy,True,0.9202,0.0003,6,draw|draw|draw,0.9167,1.0000,0.1026,grid_axes,False,62,62,True,0,0,0,
grid_axes,99,42099,beam_search,True,0.9202,0.0003,6,draw|draw|draw,0.9167,1.0000,0.1026,grid_axes,False,62,62,True,0,0,0,
node_arrow,0,42000,greedy,True,0.6145,0.5449,4,draw,0.9167,0.8571,0.0652,line_segment,True,46,46,True,0,0,0,
node_arrow,0,42000,beam_search,True,0.6931,0.6091,4,draw,0.9167,0.8571,0.0638,line_segment,True,47,47,True,0,0,0,
node_arrow,1,42001,greedy,True,0.5742,0.7772,2,draw,0.9318,0.6667,0.0909,line_segment,True,46,46,True,0,0,0,
node_arrow,1,42001,beam_search,True,0.5703,0.7772,2,draw,0.9318,0.6667,0.0909,line_segment,True,46,46,True,0,0,0,
node_arrow,2,42002,greedy,True,0.6055,0.5090,4,draw,0.9167,0.8571,0.0638,line_segment,True,46,46,True,0,0,0,
node_arrow,2,42002,beam_search,True,0.6544,0.6561,4,draw,0.9167,0.8571,0.0638,line_segment,True,47,47,True,0,0,0,
node_arrow,3,42003,greedy,True,0.7856,0.7187,2,draw,0.9318,0.6667,0.0882,line_segment,True,46,46,True,0,0,0,
node_arrow,3,42003,beam_search,True,0.8488,0.7360,2,draw,0.9333,0.6667,0.0811,line_segment,True,47,47,True,0,0,0,
node_arrow,4,42004,greedy,True,0.6538,0.5140,4,draw,0.9167,0.8571,0.0667,line_segment,True,46,46,True,0,0,0,
node_arrow,4,42004,beam_search,True,0.6538,0.5140,4,draw,0.9167,0.8571,0.0667,line_segment,True,46,46,True,0,0,0,
node_arrow,5,42005,greedy,True,0.6183,0.4978,4,draw,0.9167,0.8571,0.0638,line_segment,True,46,46,True,0,0,0,
node_arrow,5,42005,beam_search,True,0.6342,0.5073,4,draw,0.9167,0.8571,0.0638,line_segment,True,46,46,True,0,0,0,
node_arrow,6,42006,greedy,True,0.4259,0.7171,2,draw,0.9333,0.6667,0.0789,line_segment,True,47,47,True,0,0,0,
node_arrow,6,42006,beam_search,True,0.4259,0.7171,2,draw,0.9333,0.6667,0.0789,line_segment,True,47,47,True,0,0,0,
node_arrow,7,42007,greedy,True,0.6362,0.4523,4,draw,0.9167,0.8571,0.0625,line_segment,True,46,46,True,0,0,0,
node_arrow,7,42007,beam_search,True,0.6716,0.5640,4,draw,0.9167,0.8571,0.0638,line_segment,True,47,47,True,0,0,0,
node_arrow,8,42008,greedy,True,0.6775,0.5274,4,draw,0.9167,0.8571,0.0652,line_segment,True,46,46,True,0,0,0,
node_arrow,8,42008,beam_search,True,0.6669,0.5209,4,draw,0.9167,0.8571,0.0667,line_segment,True,46,46,True,0,0,0,
node_arrow,9,42009,greedy,True,0.6458,0.5150,4,draw,0.9167,0.8571,0.0667,line_segment,True,46,46,True,0,0,0,
node_arrow,9,42009,beam_search,True,0.6404,0.5095,4,draw,0.9167,0.8571,0.0667,line_segment,True,46,46,True,0,0,0,
node_arrow,10,42010,greedy,True,0.8427,0.7426,2,draw,0.9318,0.6667,0.0833,line_segment,True,46,46,True,0,0,0,
node_arrow,10,42010,beam_search,True,0.8547,0.7426,2,draw,0.9318,0.6667,0.0857,line_segment,True,46,46,True,0,0,0,
node_arrow,11,42011,greedy,True,0.7493,0.5802,3,draw,0.9091,0.8000,0.0750,line_segment,True,46,46,True,0,0,0,
node_arrow,11,42011,beam_search,True,0.7493,0.5802,3,draw,0.9091,0.8000,0.0750,line_segment,True,46,46,True,0,0,0,
node_arrow,12,42012,greedy,True,0.4887,0.6328,3,draw,0.9091,0.8000,0.0769,line_segment,True,46,46,True,0,0,0,
node_arrow,12,42012,beam_search,True,0.4364,0.6482,3,draw,0.9091,0.8000,0.0750,line_segment,True,46,46,True,0,0,0,
node_arrow,13,42013,greedy,True,0.8021,0.7870,2,draw,0.9318,0.6667,0.0789,line_segment,True,46,46,True,0,0,0,
node_arrow,13,42013,beam_search,True,0.7783,0.7972,2,draw,0.9318,0.6667,0.0789,line_segment,True,46,46,True,0,0,0,
node_arrow,14,42014,greedy,True,0.7266,0.6039,3,draw,0.9091,0.8000,0.0732,line_segment,True,46,46,True,0,0,0,
node_arrow,14,42014,beam_search,True,0.7266,0.6039,3,draw,0.9091,0.8000,0.0732,line_segment,True,46,46,True,0,0,0,
node_arrow,15,42015,greedy,True,0.4484,0.7057,2,draw,0.9318,0.6667,0.0909,line_segment,True,46,46,True,0,0,0,
node_arrow,15,42015,beam_search,True,0.5667,0.7018,2,draw,0.9333,0.6667,0.0789,line_segment,True,47,47,True,0,0,0,
node_arrow,16,42016,greedy,True,0.7257,0.5088,4,draw,0.9167,0.8571,0.0698,line_segment,True,46,46,True,0,0,0,
node_arrow,16,42016,beam_search,True,0.7258,0.5113,4,draw,0.9167,0.8571,0.0714,line_segment,True,46,46,True,0,0,0,
node_arrow,17,42017,greedy,True,0.6755,0.4852,4,draw,0.9167,0.8571,0.0625,line_segment,True,46,46,True,0,0,0,
node_arrow,17,42017,beam_search,True,0.7398,0.5056,4,draw,0.9167,0.8571,0.0625,line_segment,True,46,46,True,0,0,0,
node_arrow,18,42018,greedy,True,0.6817,0.7862,2,draw,0.9333,0.6667,0.0811,line_segment,True,47,47,True,0,0,0,
node_arrow,18,42018,beam_search,True,0.6950,0.7841,2,draw,0.9333,0.6667,0.0833,line_segment,True,47,47,True,0,0,0,
node_arrow,19,42019,greedy,True,0.4890,0.4545,4,draw,0.9167,0.8571,0.0652,line_segment,True,46,46,True,0,0,0,
node_arrow,19,42019,beam_search,True,0.4968,0.4553,4,draw,0.9167,0.8571,0.0652,line_segment,True,46,46,True,0,0,0,
node_arrow,20,42020,greedy,True,0.8360,0.7297,2,draw,0.9318,0.6667,0.0833,line_segment,True,46,46,True,0,0,0,
node_arrow,20,42020,beam_search,True,0.4745,0.2150,2,draw,0.9091,0.6667,0.1000,line_segment,True,24,24,True,0,0,0,
node_arrow,21,42021,greedy,True,0.8739,0.7075,2,draw,0.9318,0.6667,0.0938,line_segment,True,46,46,True,0,0,0,
node_arrow,21,42021,beam_search,True,0.8129,0.7075,2,draw,0.9318,0.6667,0.0909,line_segment,True,46,46,True,0,0,0,
node_arrow,22,42022,greedy,True,0.7724,0.6812,1,draw,0.9130,0.6667,0.0588,circle_arc,False,25,25,True,0,0,0,
node_arrow,22,42022,beam_search,True,0.7724,0.6786,1,draw,0.9130,0.6667,0.0588,circle_arc,False,25,25,True,0,0,0,
node_arrow,23,42023,greedy,True,0.5181,0.3765,2,draw,0.9091,0.6667,0.0968,line_segment,True,24,24,True,0,0,0,
node_arrow,23,42023,beam_search,True,0.5181,0.3765,2,draw,0.9091,0.6667,0.0968,line_segment,True,24,24,True,0,0,0,
node_arrow,24,42024,greedy,True,0.8149,0.7881,2,draw,0.9333,0.6667,0.0857,line_segment,True,47,47,True,0,0,0,
node_arrow,24,42024,beam_search,True,0.8056,0.7881,2,draw,0.9333,0.6667,0.0811,line_segment,True,47,47,True,0,0,0,
node_arrow,25,42025,greedy,True,0.7044,0.7324,2,draw,0.9318,0.6667,0.0833,line_segment,True,46,46,True,0,0,0,
node_arrow,25,42025,beam_search,False,0.0000,0.6745,1,draw,0.9091,0.6667,0.0606,circle_arc,False,24,24,True,0,0,0,cannot identify image file <_io.BytesIO object at 0x11c14d440>
node_arrow,26,42026,greedy,True,0.7026,0.5429,4,draw,0.9167,0.8571,0.0625,line_segment,True,47,47,True,0,0,0,
node_arrow,26,42026,beam_search,True,0.7075,0.5443,4,draw,0.9167,0.8571,0.0625,line_segment,True,47,47,True,0,0,0,
node_arrow,27,42027,greedy,True,0.8921,0.4330,2,draw,0.9143,0.8000,0.0789,line_segment,True,24,24,True,0,0,0,
node_arrow,27,42027,beam_search,True,0.8921,0.4330,2,draw,0.9143,0.8000,0.0789,line_segment,True,24,24,True,0,0,0,
node_arrow,28,42028,greedy,True,0.7309,0.7570,2,draw,0.9333,0.6667,0.0833,line_segment,True,47,47,True,0,0,0,
node_arrow,28,42028,beam_search,True,0.7309,0.7570,2,draw,0.9333,0.6667,0.0833,line_segment,True,47,47,True,0,0,0,
node_arrow,29,42029,greedy,True,0.6661,0.6274,4,draw,0.9167,0.8571,0.0652,line_segment,True,46,46,True,0,0,0,
node_arrow,29,42029,beam_search,True,0.4694,0.7610,4,draw,0.9167,0.8571,0.0682,line_segment,True,47,47,True,0,0,0,
node_arrow,30,42030,greedy,True,0.7098,0.7177,2,draw,0.9318,0.6667,0.0857,line_segment,True,46,46,True,0,0,0,
node_arrow,30,42030,beam_search,True,0.6389,0.7481,2,draw,0.9333,0.6667,0.0882,line_segment,True,47,47,True,0,0,0,
node_arrow,31,42031,greedy,True,0.5876,0.7815,2,draw,0.9318,0.6667,0.0857,line_segment,True,46,46,True,0,0,0,
node_arrow,31,42031,beam_search,True,0.5689,0.7824,2,draw,0.9333,0.6667,0.0811,line_segment,True,47,47,True,0,0,0,
node_arrow,32,42032,greedy,True,0.6644,0.5723,3,draw,0.9091,0.8000,0.0769,line_segment,True,46,46,True,0,0,0,
node_arrow,32,42032,beam_search,True,0.6574,0.5712,3,draw,0.9091,0.8000,0.0750,line_segment,True,46,46,True,0,0,0,
node_arrow,33,42033,greedy,True,0.6768,0.5902,3,draw,0.9091,0.8000,0.0732,line_segment,True,46,46,True,0,0,0,
node_arrow,33,42033,beam_search,True,0.7059,0.6692,3,draw,0.9111,0.8000,0.0732,line_segment,True,47,47,True,0,0,0,
node_arrow,34,42034,greedy,True,0.7135,0.4368,4,draw,0.9167,0.8571,0.0625,line_segment,True,46,46,True,0,0,0,
node_arrow,34,42034,beam_search,True,0.7341,0.5332,4,draw,0.9167,0.8571,0.0652,line_segment,True,47,47,True,0,0,0,
node_arrow,35,42035,greedy,True,0.8122,0.6137,3,draw,0.9091,0.8000,0.0732,line_segment,True,46,46,True,0,0,0,
node_arrow,35,42035,beam_search,True,0.7249,0.6604,3,draw,0.9111,0.8000,0.0732,line_segment,True,47,47,True,0,0,0,
node_arrow,36,42036,greedy,True,0.8690,0.1747,2,draw,0.9091,0.6667,0.0938,line_segment,True,24,24,True,0,0,0,
node_arrow,36,42036,beam_search,True,0.8689,0.1588,2,draw,0.9091,0.6667,0.0938,line_segment,True,24,24,True,0,0,0,
node_arrow,37,42037,greedy,True,0.7277,0.6077,2,draw,0.9375,0.8571,0.0714,line_segment,True,24,24,True,0,0,0,
node_arrow,37,42037,beam_search,True,0.7388,0.6729,2,draw,0.9375,0.8571,0.0714,line_segment,True,24,24,True,0,0,0,
node_arrow,38,42038,greedy,True,0.5832,0.5896,3,draw,0.9111,0.8000,0.0732,line_segment,True,47,47,True,0,0,0,
node_arrow,38,42038,beam_search,True,0.5977,0.5917,3,draw,0.9111,0.8000,0.0732,line_segment,True,47,47,True,0,0,0,
node_arrow,39,42039,greedy,True,0.6289,0.7074,2,draw,0.9333,0.6667,0.0789,line_segment,True,47,47,True,0,0,0,
node_arrow,39,42039,beam_search,True,0.6289,0.7074,2,draw,0.9333,0.6667,0.0789,line_segment,True,47,47,True,0,0,0,
node_arrow,40,42040,greedy,True,0.8967,0.4891,2,draw,0.9091,0.6667,0.0968,line_segment,True,24,24,True,0,0,0,
node_arrow,40,42040,beam_search,True,0.9035,0.4891,2,draw,0.9091,0.6667,0.0968,line_segment,True,24,24,True,0,0,0,
node_arrow,41,42041,greedy,True,0.3988,0.7576,3,draw,0.9111,0.8000,0.0698,line_segment,True,47,47,True,0,0,0,
node_arrow,41,42041,beam_search,True,0.4584,0.7511,3,draw,0.9111,0.8000,0.0667,line_segment,True,47,47,True,0,0,0,
node_arrow,42,42042,greedy,True,0.7321,0.4674,4,draw,0.9167,0.8571,0.0612,line_segment,True,46,46,True,0,0,0,
node_arrow,42,42042,beam_search,True,0.7518,0.4856,4,draw,0.9167,0.8571,0.0638,line_segment,True,46,46,True,0,0,0,
node_arrow,43,42043,greedy,True,0.7093,0.4811,4,draw,0.9167,0.8571,0.0612,line_segment,True,46,46,True,0,0,0,
node_arrow,43,42043,beam_search,True,0.6610,0.4709,4,draw,0.9167,0.8571,0.0600,line_segment,True,46,46,True,0,0,0,
node_arrow,44,42044,greedy,True,0.6573,0.6272,3,draw,0.9091,0.8000,0.0698,line_segment,True,46,46,True,0,0,0,
node_arrow,44,42044,beam_search,True,0.6513,0.6358,3,draw,0.9091,0.8000,0.0714,line_segment,True,46,46,True,0,0,0,
node_arrow,45,42045,greedy,True,0.7560,0.4775,4,draw,0.9167,0.8571,0.0667,line_segment,True,46,46,True,0,0,0,
node_arrow,45,42045,beam_search,True,0.7429,0.5578,4,draw,0.9167,0.8571,0.0682,line_segment,True,47,47,True,0,0,0,
node_arrow,46,42046,greedy,True,0.7064,0.5533,4,draw,0.9167,0.8571,0.0652,line_segment,True,46,46,True,0,0,0,
node_arrow,46,42046,beam_search,True,0.7011,0.5553,4,draw,0.9167,0.8571,0.0638,line_segment,True,46,46,True,0,0,0,
node_arrow,47,42047,greedy,True,0.7136,0.5256,4,draw,0.9167,0.8571,0.0638,line_segment,True,46,46,True,0,0,0,
node_arrow,47,42047,beam_search,True,0.7727,0.5767,4,draw,0.9167,0.8571,0.0698,line_segment,True,47,47,True,0,0,0,
node_arrow,48,42048,greedy,True,0.8869,0.4171,2,draw,0.9143,0.8000,0.0789,line_segment,True,24,24,True,0,0,0,
node_arrow,48,42048,beam_search,True,0.8846,0.4182,2,draw,0.9143,0.8000,0.0789,line_segment,True,24,24,True,0,0,0,
node_arrow,49,42049,greedy,True,0.6748,0.4501,4,draw,0.9167,0.8571,0.0612,line_segment,True,46,46,True,0,0,0,
node_arrow,49,42049,beam_search,True,0.7047,0.4395,4,draw,0.9167,0.8571,0.0625,line_segment,True,46,46,True,0,0,0,
node_arrow,50,42050,greedy,True,0.7060,0.5235,4,draw,0.9167,0.8571,0.0652,line_segment,True,46,46,True,0,0,0,
node_arrow,50,42050,beam_search,True,0.0064,0.7272,2,draw,0.9375,0.8571,0.0714,line_segment,True,24,24,True,0,0,0,
node_arrow,51,42051,greedy,True,0.6158,0.5839,3,draw,0.9111,0.8000,0.0750,line_segment,True,47,47,True,0,0,0,
node_arrow,51,42051,beam_search,True,0.6140,0.5843,3,draw,0.9111,0.8000,0.0750,line_segment,True,47,47,True,0,0,0,
node_arrow,52,42052,greedy,True,0.8875,0.7243,2,draw,0.9318,0.6667,0.0833,line_segment,True,46,46,True,0,0,0,
node_arrow,52,42052,beam_search,False,0.0000,0.2373,2,draw,0.9091,0.6667,0.1000,line_segment,True,24,24,True,0,0,0,cannot identify image file <_io.BytesIO object at 0x11c126f20>
node_arrow,53,42053,greedy,True,0.6897,0.4620,4,draw,0.9167,0.8571,0.0638,line_segment,True,46,46,True,0,0,0,
node_arrow,53,42053,beam_search,True,0.7985,0.6581,2,draw,0.9375,0.8571,0.0698,line_segment,True,24,24,True,0,0,0,
node_arrow,54,42054,greedy,True,0.6006,0.6087,4,draw,0.9167,0.8571,0.0652,line_segment,True,47,47,True,0,0,0,
node_arrow,54,42054,beam_search,True,0.5866,0.6053,4,draw,0.9167,0.8571,0.0652,line_segment,True,47,47,True,0,0,0,
node_arrow,55,42055,greedy,True,0.8109,0.7613,2,draw,0.9318,0.6667,0.0909,line_segment,True,46,46,True,0,0,0,
node_arrow,55,42055,beam_search,True,0.8074,0.7755,2,draw,0.9333,0.6667,0.0833,line_segment,True,47,47,True,0,0,0,
node_arrow,56,42056,greedy,True,0.7623,0.6807,2,draw,0.9333,0.6667,0.0833,line_segment,True,47,47,True,0,0,0,
node_arrow,56,42056,beam_search,True,0.7607,0.6809,2,draw,0.9333,0.6667,0.0811,line_segment,True,47,47,True,0,0,0,
node_arrow,57,42057,greedy,True,0.7946,0.6961,2,draw,0.9143,0.8000,0.0811,line_segment,True,24,24,True,0,0,0,
node_arrow,57,42057,beam_search,True,0.7962,0.6967,2,draw,0.9143,0.8000,0.0833,line_segment,True,24,24,True,0,0,0,
node_arrow,58,42058,greedy,True,0.7803,0.5576,3,draw,0.9091,0.8000,0.0750,line_segment,True,46,46,True,0,0,0,
node_arrow,58,42058,beam_search,True,0.6755,0.6266,3,draw,0.9111,0.8000,0.0750,line_segment,True,47,47,True,0,0,0,
node_arrow,59,42059,greedy,True,0.7843,0.6244,3,draw,0.9091,0.8000,0.0732,line_segment,True,46,46,True,0,0,0,
node_arrow,59,42059,beam_search,True,0.7634,0.6298,3,draw,0.9091,0.8000,0.0732,line_segment,True,46,46,True,0,0,0,
node_arrow,60,42060,greedy,True,0.6586,0.5330,4,draw,0.9167,0.8571,0.0612,line_segment,True,46,46,True,0,0,0,
node_arrow,60,42060,beam_search,True,0.5646,0.6331,4,draw,0.9167,0.8571,0.0625,line_segment,True,47,47,True,0,0,0,
node_arrow,61,42061,greedy,True,0.7197,0.7314,2,draw,0.9333,0.6667,0.0811,line_segment,True,47,47,True,0,0,0,
node_arrow,61,42061,beam_search,True,0.7219,0.7330,2,draw,0.9333,0.6667,0.0789,line_segment,True,47,47,True,0,0,0,
node_arrow,62,42062,greedy,True,0.6661,0.4527,4,draw,0.9167,0.8571,0.0652,line_segment,True,46,46,True,0,0,0,
node_arrow,62,42062,beam_search,True,0.6672,0.4527,4,draw,0.9167,0.8571,0.0652,line_segment,True,46,46,True,0,0,0,
node_arrow,63,42063,greedy,True,0.6056,0.6248,3,draw,0.9091,0.8000,0.0789,line_segment,True,46,46,True,0,0,0,
node_arrow,63,42063,beam_search,True,0.6056,0.6248,3,draw,0.9091,0.8000,0.0789,line_segment,True,46,46,True,0,0,0,
node_arrow,64,42064,greedy,True,0.5686,0.6270,3,draw,0.9111,0.8000,0.0750,line_segment,True,47,47,True,0,0,0,
node_arrow,64,42064,beam_search,True,0.5686,0.6270,3,draw,0.9111,0.8000,0.0750,line_segment,True,47,47,True,0,0,0,
node_arrow,65,42065,greedy,True,0.7196,0.6049,3,draw,0.9091,0.8000,0.0714,line_segment,True,46,46,True,0,0,0,
node_arrow,65,42065,beam_search,True,0.7161,0.6104,3,draw,0.9091,0.8000,0.0714,line_segment,True,46,46,True,0,0,0,
node_arrow,66,42066,greedy,True,0.6676,0.7865,2,draw,0.9333,0.6667,0.0789,line_segment,True,47,47,True,0,0,0,
node_arrow,66,42066,beam_search,True,0.6664,0.7865,2,draw,0.9333,0.6667,0.0789,line_segment,True,47,47,True,0,0,0,
node_arrow,67,42067,greedy,True,0.7169,1.0000,0,draw,0.9583,0.8571,0.0385,function_plot,False,35,35,True,0,0,0,
node_arrow,67,42067,beam_search,True,0.7404,1.0000,0,draw,0.9583,0.8571,0.0377,function_plot,False,35,35,True,0,0,0,
node_arrow,68,42068,greedy,True,0.8036,0.7916,2,draw,0.9318,0.6667,0.0789,line_segment,True,46,46,True,0,0,0,
node_arrow,68,42068,beam_search,True,0.7955,0.7944,2,draw,0.9318,0.6667,0.0789,line_segment,True,46,46,True,0,0,0,
node_arrow,69,42069,greedy,True,0.6488,0.5853,4,draw,0.9167,0.8571,0.0682,line_segment,True,46,46,True,0,0,0,
node_arrow,69,42069,beam_search,True,0.6452,0.5912,4,draw,0.9167,0.8571,0.0698,line_segment,True,46,46,True,0,0,0,
node_arrow,70,42070,greedy,True,0.9152,0.6653,2,draw,0.9091,0.6667,0.1034,line_segment,True,24,24,True,0,0,0,
node_arrow,70,42070,beam_search,True,0.9152,0.6653,2,draw,0.9091,0.6667,0.1034,line_segment,True,24,24,True,0,0,0,
node_arrow,71,42071,greedy,True,0.6736,0.7130,2,draw,0.9318,0.6667,0.0857,line_segment,True,46,46,True,0,0,0,
node_arrow,71,42071,beam_search,True,0.7590,0.7847,2,draw,0.9333,0.6667,0.0857,line_segment,True,47,47,True,0,0,0,
node_arrow,72,42072,greedy,True,0.7270,0.4223,4,draw,0.9167,0.8571,0.0638,line_segment,True,46,46,True,0,0,0,
node_arrow,72,42072,beam_search,True,0.7955,0.5568,4,draw,0.9167,0.8571,0.0698,line_segment,True,47,47,True,0,0,0,
node_arrow,73,42073,greedy,True,0.8637,0.7402,2,draw,0.9318,0.6667,0.0833,line_segment,True,46,46,True,0,0,0,
node_arrow,73,42073,beam_search,True,0.8256,0.7646,2,draw,0.9333,0.6667,0.0882,line_segment,True,47,47,True,0,0,0,
node_arrow,74,42074,greedy,True,0.6945,0.4327,4,draw,0.9167,0.8571,0.0682,line_segment,True,46,46,True,0,0,0,
node_arrow,74,42074,beam_search,True,0.6796,0.5683,4,draw,0.9167,0.8571,0.0625,line_segment,True,47,47,True,0,0,0,
node_arrow,75,42075,greedy,True,0.6339,0.6884,3,draw,0.9111,0.8000,0.0750,line_segment,True,47,47,True,0,0,0,
node_arrow,75,42075,beam_search,True,0.6505,0.6884,3,draw,0.9111,0.8000,0.0750,line_segment,True,47,47,True,0,0,0,
node_arrow,76,42076,greedy,True,0.7462,0.6725,3,draw,0.9091,0.8000,0.0769,line_segment,True,46,46,True,0,0,0,
node_arrow,76,42076,beam_search,False,0.0000,0.5571,2,draw,0.9143,0.8000,0.0833,line_segment,True,24,24,True,0,0,0,cannot identify image file <_io.BytesIO object at 0x11c14c2c0>
node_arrow,77,42077,greedy,True,0.7791,0.6396,3,draw,0.9091,0.8000,0.0769,line_segment,True,46,46,True,0,0,0,
node_arrow,77,42077,beam_search,True,0.7855,0.6278,3,draw,0.9091,0.8000,0.0769,line_segment,True,46,46,True,0,0,0,
node_arrow,78,42078,greedy,True,0.7690,0.7219,2,draw,0.9318,0.6667,0.0882,line_segment,True,46,46,True,0,0,0,
node_arrow,78,42078,beam_search,True,0.7045,0.7233,2,draw,0.9318,0.6667,0.0857,line_segment,True,46,46,True,0,0,0,
node_arrow,79,42079,greedy,True,0.6345,0.6010,3,draw,0.9091,0.8000,0.0714,line_segment,True,46,46,True,0,0,0,
node_arrow,79,42079,beam_search,True,0.6043,0.5836,3,draw,0.9111,0.8000,0.0714,line_segment,True,47,47,True,0,0,0,
node_arrow,80,42080,greedy,True,0.4768,0.7486,2,draw,0.9318,0.6667,0.0833,line_segment,True,46,46,True,0,0,0,
node_arrow,80,42080,beam_search,True,0.5213,0.7486,2,draw,0.9318,0.6667,0.0857,line_segment,True,46,46,True,0,0,0,
node_arrow,81,42081,greedy,True,0.8330,0.7671,2,draw,0.9318,0.6667,0.0882,line_segment,True,46,46,True,0,0,0,
node_arrow,81,42081,beam_search,True,0.8177,0.7666,2,draw,0.9318,0.6667,0.0909,line_segment,True,46,46,True,0,0,0,
node_arrow,82,42082,greedy,True,0.7656,0.7066,2,draw,0.9318,0.6667,0.0811,line_segment,True,46,46,True,0,0,0,
node_arrow,82,42082,beam_search,True,0.4359,0.2547,2,draw,0.9091,0.6667,0.0938,line_segment,True,24,24,True,0,0,0,
node_arrow,83,42083,greedy,True,0.5930,0.5628,3,draw,0.9111,0.8000,0.0682,line_segment,True,47,47,True,0,0,0,
node_arrow,83,42083,beam_search,True,0.5930,0.5628,3,draw,0.9111,0.8000,0.0682,line_segment,True,47,47,True,0,0,0,
node_arrow,84,42084,greedy,True,0.7747,0.6005,3,draw,0.9091,0.8000,0.0714,line_segment,True,46,46,True,0,0,0,
node_arrow,84,42084,beam_search,True,0.7749,0.6005,3,draw,0.9091,0.8000,0.0714,line_segment,True,46,46,True,0,0,0,
node_arrow,85,42085,greedy,True,0.7747,0.6347,3,draw,0.9091,0.8000,0.0732,line_segment,True,46,46,True,0,0,0,
node_arrow,85,42085,beam_search,True,0.7846,0.6014,3,draw,0.9111,0.8000,0.0769,line_segment,True,47,47,True,0,0,0,
node_arrow,86,42086,greedy,True,0.7070,0.4667,4,draw,0.9167,0.8571,0.0652,line_segment,True,46,46,True,0,0,0,
node_arrow,86,42086,beam_search,True,0.6381,0.4577,4,draw,0.9167,0.8571,0.0638,line_segment,True,46,46,True,0,0,0,
node_arrow,87,42087,greedy,True,0.6909,0.4644,4,draw,0.9167,0.8571,0.0652,line_segment,True,46,46,True,0,0,0,
node_arrow,87,42087,beam_search,True,0.6732,0.4672,4,draw,0.9167,0.8571,0.0667,line_segment,True,46,46,True,0,0,0,
node_arrow,88,42088,greedy,True,0.3743,0.8081,2,draw,0.9333,0.6667,0.0833,line_segment,True,47,47,True,0,0,0,
node_arrow,88,42088,beam_search,True,0.2835,0.8415,2,draw,0.9333,0.6667,0.0857,line_segment,True,47,47,True,0,0,0,
node_arrow,89,42089,greedy,True,0.6860,0.6075,3,draw,0.9091,0.8000,0.0698,line_segment,True,46,46,True,0,0,0,
node_arrow,89,42089,beam_search,True,0.2865,0.4999,2,draw,0.9143,0.8000,0.0789,line_segment,True,24,24,True,0,0,0,
node_arrow,90,42090,greedy,True,0.7774,0.4383,4,draw,0.9167,0.8571,0.0638,line_segment,True,46,46,True,0,0,0,
node_arrow,90,42090,beam_search,True,0.7289,0.4520,4,draw,0.9167,0.8571,0.0638,line_segment,True,46,46,True,0,0,0,
node_arrow,91,42091,greedy,True,0.7748,0.5525,3,draw,0.9091,0.8000,0.0698,line_segment,True,46,46,True,0,0,0,
node_arrow,91,42091,beam_search,True,0.7754,0.5492,3,draw,0.9091,0.8000,0.0698,line_segment,True,46,46,True,0,0,0,
node_arrow,92,42092,greedy,True,0.5033,0.6624,3,draw,0.9091,0.8000,0.0750,line_segment,True,46,46,True,0,0,0,
node_arrow,92,42092,beam_search,True,0.6141,0.7867,1,draw,0.9429,0.8000,0.0513,circle_arc,False,24,24,True,0,0,0,
node_arrow,93,42093,greedy,True,0.6651,0.7756,2,draw,0.9333,0.6667,0.0857,line_segment,True,47,47,True,0,0,0,
node_arrow,93,42093,beam_search,True,0.6490,0.7750,2,draw,0.9333,0.6667,0.0833,line_segment,True,47,47,True,0,0,0,
node_arrow,94,42094,greedy,True,0.7117,0.4569,4,draw,0.9167,0.8571,0.0625,line_segment,True,46,46,True,0,0,0,
node_arrow,94,42094,beam_search,True,0.7151,0.4552,4,draw,0.9167,0.8571,0.0625,line_segment,True,46,46,True,0,0,0,
node_arrow,95,42095,greedy,True,0.6620,0.4517,4,draw,0.9167,0.8571,0.0612,line_segment,True,46,46,True,0,0,0,
node_arrow,95,42095,beam_search,True,0.6686,0.4399,4,draw,0.9167,0.8571,0.0612,line_segment,True,46,46,True,0,0,0,
node_arrow,96,42096,greedy,True,0.4169,0.7090,2,draw,0.9318,0.6667,0.0833,line_segment,True,46,46,True,0,0,0,
node_arrow,96,42096,beam_search,False,0.0000,0.6106,1,draw,0.9091,0.6667,0.0606,circle_arc,False,24,24,True,0,0,0,cannot identify image file <_io.BytesIO object at 0x11c14cf40>
node_arrow,97,42097,greedy,True,0.7689,0.5837,3,draw,0.9111,0.8000,0.0714,line_segment,True,47,47,True,0,0,0,
node_arrow,97,42097,beam_search,True,0.7405,0.5903,3,draw,0.9111,0.8000,0.0682,line_segment,True,47,47,True,0,0,0,
node_arrow,98,42098,greedy,True,0.7057,0.6352,4,draw,0.9167,0.8571,0.0714,line_segment,True,46,46,True,0,0,0,
node_arrow,98,42098,beam_search,True,0.7067,0.6343,4,draw,0.9167,0.8571,0.0698,line_segment,True,46,46,True,0,0,0,
node_arrow,99,42099,greedy,True,0.7239,0.7127,3,draw,0.9111,0.8000,0.0732,line_segment,True,47,47,True,0,0,0,
node_arrow,99,42099,beam_search,True,0.7239,0.7127,3,draw,0.9111,0.8000,0.0732,line_segment,True,47,47,True,0,0,0,
composed,0,42000,greedy,True,0.8050,0.4189,6,draw,0.8864,1.0000,0.0667,line_segment,True,46,46,True,0,0,0,
composed,0,42000,beam_search,True,0.7915,0.4186,6,draw,0.8864,1.0000,0.0667,line_segment,True,46,46,True,0,0,0,
composed,1,42001,greedy,True,0.9065,0.4236,6,draw,0.8636,1.0000,0.0811,line_segment,True,46,46,True,0,0,0,
composed,1,42001,beam_search,True,0.8642,1.0000,0,draw,0.9394,1.0000,0.0435,function_plot,False,35,35,True,0,0,0,
composed,2,42002,greedy,True,0.7390,0.6071,6,draw,0.8636,1.0000,0.0612,line_segment,True,46,46,True,0,0,0,
composed,2,42002,beam_search,True,0.7562,0.6143,6,draw,0.8636,1.0000,0.0667,line_segment,True,46,46,True,0,0,0,
composed,3,42003,greedy,True,0.8075,0.4780,6,draw,0.8636,1.0000,0.0652,line_segment,True,46,46,True,0,0,0,
composed,3,42003,beam_search,True,0.8082,0.4671,6,draw,0.8636,1.0000,0.0667,line_segment,True,46,46,True,0,0,0,
composed,4,42004,greedy,True,0.8077,0.6537,6,draw,0.9111,1.0000,0.0600,line_segment,True,46,46,True,0,0,0,
composed,4,42004,beam_search,True,0.8077,0.6537,6,draw,0.9111,1.0000,0.0600,line_segment,True,46,46,True,0,0,0,
composed,5,42005,greedy,True,0.7782,0.6439,6,draw,0.8704,1.0000,0.0526,line_segment,True,46,46,True,0,0,0,
composed,5,42005,beam_search,True,0.7768,0.6524,6,draw,0.8704,1.0000,0.0526,line_segment,True,46,46,True,0,0,0,
composed,6,42006,greedy,True,0.7419,0.5846,3,draw,0.9318,1.0000,0.0882,line_segment,True,46,46,True,0,0,0,
composed,6,42006,beam_search,True,0.7402,0.5842,3,draw,0.9318,1.0000,0.0857,line_segment,True,46,46,True,0,0,0,
composed,7,42007,greedy,True,0.7866,0.5457,6,draw,0.8864,1.0000,0.0811,line_segment,True,46,46,True,0,0,0,
composed,7,42007,beam_search,False,0.0000,0.5451,6,draw,0.8864,1.0000,0.0833,line_segment,True,46,46,True,0,0,0,cannot identify image file <_io.BytesIO object at 0x11c14d1c0>
composed,8,42008,greedy,True,0.6582,0.5388,4,draw,0.9333,1.0000,0.0714,line_segment,True,47,47,True,0,0,0,
composed,8,42008,beam_search,True,0.6956,0.5338,4,draw,0.9333,1.0000,0.0698,line_segment,True,47,47,True,0,0,0,
composed,9,42009,greedy,True,0.8067,0.5611,6,draw,0.8913,1.0000,0.0577,line_segment,True,46,46,True,0,0,0,
composed,9,42009,beam_search,True,0.5961,0.6018,6,draw,0.9130,1.0000,0.0577,line_segment,True,47,47,True,0,0,0,
composed,10,42010,greedy,True,0.8217,0.9309,1,draw,0.9429,1.0000,0.0714,circle_arc,False,24,24,True,0,0,0,
composed,10,42010,beam_search,True,0.8217,0.9292,1,draw,0.9429,1.0000,0.0714,circle_arc,False,24,24,True,0,0,0,
composed,11,42011,greedy,True,0.6623,0.5071,6,draw,0.8636,1.0000,0.0588,line_segment,True,46,46,True,0,0,0,
composed,11,42011,beam_search,True,0.6659,0.5114,6,draw,0.8636,1.0000,0.0577,line_segment,True,46,46,True,0,0,0,
composed,12,42012,greedy,True,0.7539,0.6022,4,draw,0.9318,1.0000,0.0750,line_segment,True,46,46,True,0,0,0,
composed,12,42012,beam_search,True,0.6836,0.6487,4,draw,0.9333,1.0000,0.0750,line_segment,True,47,47,True,0,0,0,
composed,13,42013,greedy,True,0.4059,0.2791,6,draw,0.8444,1.0000,0.0698,line_segment,True,47,47,True,0,0,0,
composed,13,42013,beam_search,True,0.4059,0.2791,6,draw,0.8444,1.0000,0.0698,line_segment,True,47,47,True,0,0,0,
composed,14,42014,greedy,True,0.7291,0.4301,4,draw,0.9318,1.0000,0.0714,line_segment,True,46,46,True,0,0,0,
composed,14,42014,beam_search,True,0.5584,0.5235,4,draw,0.9333,1.0000,0.0750,line_segment,True,47,47,True,0,0,0,
composed,15,42015,greedy,True,0.7271,0.3855,6,draw,0.8636,1.0000,0.0732,line_segment,True,46,46,True,0,0,0,
composed,15,42015,beam_search,True,0.7251,0.3820,6,draw,0.8636,1.0000,0.0714,line_segment,True,46,46,True,0,0,0,
composed,16,42016,greedy,True,0.8096,0.9257,1,draw,0.9545,1.0000,0.0588,circle_arc,False,24,24,True,0,0,0,
composed,16,42016,beam_search,True,0.8096,0.9257,1,draw,0.9545,1.0000,0.0588,circle_arc,False,24,24,True,0,0,0,
composed,17,42017,greedy,True,0.5495,0.5878,6,draw,0.8723,1.0000,0.0588,line_segment,True,46,46,True,0,0,0,
composed,17,42017,beam_search,True,0.5495,0.5878,6,draw,0.8723,1.0000,0.0588,line_segment,True,46,46,True,0,0,0,
composed,18,42018,greedy,True,0.6187,0.5930,5,draw,0.8667,1.0000,0.0882,line_segment,True,47,47,True,0,0,0,
composed,18,42018,beam_search,True,0.7204,0.5491,5,draw,0.8667,1.0000,0.0857,line_segment,True,47,47,True,0,0,0,
composed,19,42019,greedy,True,0.7477,0.2546,6,draw,0.8636,1.0000,0.0714,line_segment,True,46,46,True,0,0,0,
composed,19,42019,beam_search,True,0.7436,0.1510,6,draw,0.8636,1.0000,0.0698,line_segment,True,46,46,True,0,0,0,
composed,20,42020,greedy,True,0.8012,0.5681,6,draw,0.8667,1.0000,0.0588,line_segment,True,46,46,True,0,0,0,
composed,20,42020,beam_search,True,0.8122,0.5713,6,draw,0.8667,1.0000,0.0600,line_segment,True,46,46,True,0,0,0,
composed,21,42021,greedy,True,0.7118,0.4533,4,draw,0.9091,1.0000,0.0857,line_segment,True,46,46,True,0,0,0,
composed,21,42021,beam_search,True,0.7346,0.4471,4,draw,0.9111,1.0000,0.0811,line_segment,True,47,47,True,0,0,0,
composed,22,42022,greedy,True,0.8295,0.2921,5,draw,0.8636,1.0000,0.0769,line_segment,True,46,46,True,0,0,0,
composed,22,42022,beam_search,True,0.8399,0.3301,5,draw,0.8667,1.0000,0.0769,line_segment,True,47,47,True,0,0,0,
composed,23,42023,greedy,True,0.7750,0.6376,6,draw,0.8627,1.0000,0.0566,line_segment,True,47,47,True,0,0,0,
composed,23,42023,beam_search,True,0.7750,0.6376,6,draw,0.8627,1.0000,0.0566,line_segment,True,47,47,True,0,0,0,
composed,24,42024,greedy,True,0.6461,0.7957,2,draw,0.9545,1.0000,0.0606,line_segment,True,46,46,True,0,0,0,
composed,24,42024,beam_search,True,0.7032,0.8102,2,draw,0.9545,1.0000,0.0606,line_segment,True,46,46,True,0,0,0,
composed,25,42025,greedy,True,0.7970,0.2617,6,draw,0.8636,1.0000,0.0833,line_segment,True,46,46,True,0,0,0,
composed,25,42025,beam_search,True,0.6912,0.2561,6,draw,0.8667,1.0000,0.0789,line_segment,True,47,47,True,0,0,0,
composed,26,42026,greedy,True,0.7598,0.6393,4,draw,0.9318,1.0000,0.0789,line_segment,True,46,46,True,0,0,0,
composed,26,42026,beam_search,True,0.7598,0.6393,4,draw,0.9318,1.0000,0.0789,line_segment,True,46,46,True,0,0,0,
composed,27,42027,greedy,True,0.8767,0.5655,6,draw,0.8636,1.0000,0.0732,line_segment,True,46,46,True,0,0,0,
composed,27,42027,beam_search,True,0.8767,0.5655,6,draw,0.8636,1.0000,0.0732,line_segment,True,46,46,True,0,0,0,
composed,28,42028,greedy,True,0.8033,0.7511,2,draw,0.9545,1.0000,0.0606,line_segment,True,46,46,True,0,0,0,
composed,28,42028,beam_search,True,0.6686,0.6952,2,draw,0.9556,1.0000,0.0606,line_segment,True,47,47,True,0,0,0,
composed,29,42029,greedy,True,0.7841,0.3869,5,draw,0.9091,1.0000,0.0732,line_segment,True,46,46,True,0,0,0,
composed,29,42029,beam_search,True,0.7850,0.3870,5,draw,0.9091,1.0000,0.0732,line_segment,True,46,46,True,0,0,0,
composed,30,42030,greedy,True,0.7817,0.3566,6,draw,0.8636,1.0000,0.0714,line_segment,True,46,46,True,0,0,0,
composed,30,42030,beam_search,True,0.7817,0.3566,6,draw,0.8636,1.0000,0.0714,line_segment,True,46,46,True,0,0,0,
composed,31,42031,greedy,True,0.6407,0.5980,4,draw,0.9091,1.0000,0.1034,line_segment,True,46,46,True,0,0,0,
composed,31,42031,beam_search,True,0.7258,1.0000,0,draw,0.9394,1.0000,0.0513,function_plot,False,35,35,True,0,0,0,
composed,32,42032,greedy,True,0.7009,0.6609,3,draw,0.9333,1.0000,0.0909,line_segment,True,47,47,True,0,0,0,
composed,32,42032,beam_search,True,0.7009,0.6609,3,draw,0.9333,1.0000,0.0909,line_segment,True,47,47,True,0,0,0,
composed,33,42033,greedy,True,0.7747,0.5152,6,draw,0.8889,1.0000,0.0612,line_segment,True,47,47,True,0,0,0,
composed,33,42033,beam_search,True,0.7747,0.5152,6,draw,0.8889,1.0000,0.0612,line_segment,True,47,47,True,0,0,0,
composed,34,42034,greedy,True,0.7310,0.4341,6,draw,0.8667,1.0000,0.0625,line_segment,True,47,47,True,0,0,0,
composed,34,42034,beam_search,True,0.7020,0.4468,6,draw,0.8667,1.0000,0.0600,line_segment,True,47,47,True,0,0,0,
composed,35,42035,greedy,True,0.8371,0.4960,6,draw,0.8636,1.0000,0.0732,line_segment,True,46,46,True,0,0,0,
composed,35,42035,beam_search,True,0.8367,0.4954,6,draw,0.8636,1.0000,0.0714,line_segment,True,46,46,True,0,0,0,
composed,36,42036,greedy,True,0.5926,0.5575,6,draw,0.8636,1.0000,0.0750,line_segment,True,46,46,True,0,0,0,
composed,36,42036,beam_search,True,0.5926,0.5575,6,draw,0.8636,1.0000,0.0750,line_segment,True,46,46,True,0,0,0,
composed,37,42037,greedy,True,0.7131,0.3891,6,draw,0.8864,1.0000,0.0732,line_segment,True,46,46,True,0,0,0,
composed,37,42037,beam_search,True,0.7145,0.3783,6,draw,0.8864,1.0000,0.0732,line_segment,True,46,46,True,0,0,0,
composed,38,42038,greedy,True,0.7302,0.7200,6,draw,0.8889,1.0000,0.0476,line_segment,True,46,46,True,0,0,0,
composed,38,42038,beam_search,True,0.7306,0.7203,6,draw,0.8889,1.0000,0.0476,line_segment,True,46,46,True,0,0,0,
composed,39,42039,greedy,False,0.0000,0.8917,1,draw,0.9412,1.0000,0.0488,circle_arc,False,24,24,True,0,0,0,cannot identify image file <_io.BytesIO object at 0x11c111580>
composed,39,42039,beam_search,False,0.0000,0.8917,1,draw,0.9412,1.0000,0.0488,circle_arc,False,24,24,True,0,0,0,cannot identify image file <_io.BytesIO object at 0x11c112ca0>
composed,40,42040,greedy,True,0.7800,0.6901,2,draw,0.8696,1.0000,0.0882,line_segment,True,24,24,True,0,0,0,
composed,40,42040,beam_search,False,0.0000,0.6915,2,draw,0.8696,1.0000,0.0909,line_segment,True,24,24,True,0,0,0,cannot identify image file <_io.BytesIO object at 0x11865b060>
composed,41,42041,greedy,True,0.7706,0.6561,3,draw,0.9318,1.0000,0.0938,line_segment,True,46,46,True,0,0,0,
composed,41,42041,beam_search,True,0.7706,0.6561,3,draw,0.9318,1.0000,0.0938,line_segment,True,46,46,True,0,0,0,
composed,42,42042,greedy,False,0.0000,0.6803,3,draw,0.9545,1.0000,0.0571,function_plot,False,46,46,True,0,0,0,"TeX compilation structurally failed. Engine output: This is pdfTeX, Version 3.141592653-2.6-1.40.28 "
composed,42,42042,beam_search,True,0.6532,0.6494,3,draw,0.9556,1.0000,0.0541,line_segment,True,47,47,True,0,0,0,
composed,43,42043,greedy,True,0.6523,0.7391,6,draw,0.8814,1.0000,0.0484,line_segment,True,46,46,True,0,0,0,
composed,43,42043,beam_search,True,0.7202,0.7353,6,draw,0.8814,1.0000,0.0508,line_segment,True,46,46,True,0,0,0,
composed,44,42044,greedy,True,0.8707,0.5835,3,draw,0.9318,1.0000,0.0938,line_segment,True,46,46,True,0,0,0,
composed,44,42044,beam_search,True,0.8705,0.5835,3,draw,0.9318,1.0000,0.0968,line_segment,True,46,46,True,0,0,0,
composed,45,42045,greedy,True,0.7139,0.1770,6,draw,0.8864,1.0000,0.0682,line_segment,True,46,46,True,0,0,0,
composed,45,42045,beam_search,True,0.7362,0.3846,6,draw,0.8889,1.0000,0.0698,line_segment,True,47,47,True,0,0,0,
composed,46,42046,greedy,True,0.6907,0.5638,6,draw,0.8864,1.0000,0.0638,line_segment,True,46,46,True,0,0,0,
composed,46,42046,beam_search,True,0.7244,0.5517,6,draw,0.8864,1.0000,0.0638,line_segment,True,46,46,True,0,0,0,
composed,47,42047,greedy,True,0.8711,0.6967,6,draw,0.8772,1.0000,0.0556,line_segment,True,46,46,True,0,0,0,
composed,47,42047,beam_search,True,0.8749,0.6971,6,draw,0.8772,1.0000,0.0577,line_segment,True,46,46,True,0,0,0,
composed,48,42048,greedy,True,0.8841,0.7760,1,draw,0.8636,1.0000,0.1071,circle_arc,False,24,24,True,0,0,0,
composed,48,42048,beam_search,True,0.8841,0.7887,1,draw,0.8636,1.0000,0.1111,circle_arc,False,24,24,True,0,0,0,
composed,49,42049,greedy,True,0.6623,0.4797,6,draw,0.9091,1.0000,0.0588,line_segment,True,46,46,True,0,0,0,
composed,49,42049,beam_search,True,0.6652,0.4770,6,draw,0.9091,1.0000,0.0588,line_segment,True,46,46,True,0,0,0,
composed,50,42050,greedy,True,0.7919,0.8415,1,draw,0.8966,1.0000,0.0769,circle_arc,False,24,24,True,0,0,0,
composed,50,42050,beam_search,True,0.7919,0.8415,1,draw,0.8966,1.0000,0.0769,circle_arc,False,24,24,True,0,0,0,
composed,51,42051,greedy,True,0.8807,0.3747,6,draw,0.8864,1.0000,0.0732,line_segment,True,46,46,True,0,0,0,
composed,51,42051,beam_search,True,0.8036,0.4197,6,draw,0.8864,1.0000,0.0698,line_segment,True,46,46,True,0,0,0,
composed,52,42052,greedy,True,0.7973,0.2510,6,draw,0.8636,1.0000,0.0789,line_segment,True,46,46,True,0,0,0,
composed,52,42052,beam_search,True,0.7948,0.2599,6,draw,0.8636,1.0000,0.0789,line_segment,True,46,46,True,0,0,0,
composed,53,42053,greedy,True,0.7814,0.5127,6,draw,0.8864,1.0000,0.0577,line_segment,True,46,46,True,0,0,0,
composed,53,42053,beam_search,True,0.6962,0.6747,6,draw,0.8889,1.0000,0.0556,line_segment,True,47,47,True,0,0,0,
composed,54,42054,greedy,True,0.6406,0.2836,6,draw,0.8864,1.0000,0.0682,line_segment,True,46,46,True,0,0,0,
composed,54,42054,beam_search,True,0.6415,0.2838,6,draw,0.8864,1.0000,0.0698,line_segment,True,46,46,True,0,0,0,
composed,55,42055,greedy,True,0.8005,0.4926,4,draw,0.9091,1.0000,0.0909,line_segment,True,46,46,True,0,0,0,
composed,55,42055,beam_search,True,0.8144,0.4960,4,draw,0.9091,1.0000,0.0882,line_segment,True,46,46,True,0,0,0,
composed,56,42056,greedy,True,0.5911,0.7350,3,draw,0.9318,1.0000,0.0968,line_segment,True,46,46,True,0,0,0,
composed,56,42056,beam_search,True,0.7383,1.0000,0,draw,0.9394,1.0000,0.0488,function_plot,False,35,35,True,0,0,0,
composed,57,42057,greedy,True,0.7138,0.6305,3,draw,0.9318,1.0000,0.0968,line_segment,True,46,46,True,0,0,0,
composed,57,42057,beam_search,True,0.7448,0.6298,3,draw,0.9318,1.0000,0.1000,line_segment,True,46,46,True,0,0,0,
composed,58,42058,greedy,True,0.6313,0.4811,4,draw,0.9333,1.0000,0.0732,line_segment,True,47,47,True,0,0,0,
composed,58,42058,beam_search,True,0.6313,0.4811,4,draw,0.9333,1.0000,0.0732,line_segment,True,47,47,True,0,0,0,
composed,59,42059,greedy,True,0.6666,0.5802,3,draw,0.9545,1.0000,0.0488,line_segment,True,46,46,True,0,0,0,
composed,59,42059,beam_search,False,0.0000,0.7979,1,draw,0.9130,1.0000,0.0811,circle_arc,False,24,24,True,0,0,0,cannot identify image file <_io.BytesIO object at 0x11c14d9e0>
composed,60,42060,greedy,True,0.7342,0.4487,4,draw,0.9318,1.0000,0.0714,line_segment,True,46,46,True,0,0,0,
composed,60,42060,beam_search,True,0.8247,0.4792,4,draw,0.9333,1.0000,0.0667,line_segment,True,47,47,True,0,0,0,
composed,61,42061,greedy,True,0.9284,0.7299,1,draw,0.8889,1.0000,0.0667,circle_arc,False,20,20,True,0,0,0,
composed,61,42061,beam_search,True,0.9284,0.7299,1,draw,0.8889,1.0000,0.0667,circle_arc,False,20,20,True,0,0,0,
composed,62,42062,greedy,True,0.7599,0.5546,6,draw,0.9111,1.0000,0.0625,line_segment,True,47,47,True,0,0,0,
composed,62,42062,beam_search,True,0.7651,0.5577,6,draw,0.9111,1.0000,0.0612,line_segment,True,47,47,True,0,0,0,
composed,63,42063,greedy,True,0.7325,0.6800,6,draw,0.8864,1.0000,0.0625,line_segment,True,46,46,True,0,0,0,
composed,63,42063,beam_search,True,0.7294,0.6794,6,draw,0.8864,1.0000,0.0625,line_segment,True,46,46,True,0,0,0,
composed,64,42064,greedy,True,0.8505,0.5815,6,draw,0.8889,1.0000,0.0600,line_segment,True,47,47,True,0,0,0,
composed,64,42064,beam_search,True,0.8451,0.5740,6,draw,0.8889,1.0000,0.0600,line_segment,True,47,47,True,0,0,0,
composed,65,42065,greedy,True,0.5916,0.4414,6,draw,0.8636,1.0000,0.0600,line_segment,True,46,46,True,0,0,0,
composed,65,42065,beam_search,True,0.6803,0.4865,6,draw,0.8667,1.0000,0.0638,line_segment,True,47,47,True,0,0,0,
composed,66,42066,greedy,True,0.7404,0.6592,6,draw,0.8600,1.0000,0.0556,line_segment,True,46,46,True,0,0,0,
composed,66,42066,beam_search,True,0.7422,0.6557,6,draw,0.8600,1.0000,0.0556,line_segment,True,46,46,True,0,0,0,
composed,67,42067,greedy,True,0.7659,0.6974,6,draw,0.8889,1.0000,0.0500,line_segment,True,47,47,True,0,0,0,
composed,67,42067,beam_search,True,0.7759,0.6975,6,draw,0.8889,1.0000,0.0484,line_segment,True,47,47,True,0,0,0,
composed,68,42068,greedy,True,0.7225,0.4502,4,draw,0.9091,1.0000,0.0833,line_segment,True,46,46,True,0,0,0,
composed,68,42068,beam_search,True,0.7913,0.5428,4,draw,0.9111,1.0000,0.0909,line_segment,True,47,47,True,0,0,0,
composed,69,42069,greedy,True,0.6717,0.5874,6,draw,0.8696,1.0000,0.0526,line_segment,True,47,47,True,0,0,0,
composed,69,42069,beam_search,True,0.6717,0.5874,6,draw,0.8696,1.0000,0.0526,line_segment,True,47,47,True,0,0,0,
composed,70,42070,greedy,True,0.8336,0.8325,2,draw,0.9062,1.0000,0.0732,line_segment,True,25,25,True,0,0,0,
composed,70,42070,beam_search,True,0.8336,0.8325,2,draw,0.9062,1.0000,0.0732,line_segment,True,25,25,True,0,0,0,
composed,71,42071,greedy,True,0.6239,0.3325,5,draw,0.8667,1.0000,0.0732,line_segment,True,47,47,True,0,0,0,
composed,71,42071,beam_search,True,0.6239,0.3325,5,draw,0.8667,1.0000,0.0732,line_segment,True,47,47,True,0,0,0,
composed,72,42072,greedy,True,0.7043,0.7421,6,draw,0.8511,1.0000,0.0625,line_segment,True,46,46,True,0,0,0,
composed,72,42072,beam_search,False,0.0000,0.7424,6,draw,0.8511,1.0000,0.0638,line_segment,True,46,46,True,0,0,0,cannot identify image file <_io.BytesIO object at 0x11c125da0>
composed,73,42073,greedy,True,0.5971,0.5973,3,draw,0.9333,1.0000,0.0938,line_segment,True,47,47,True,0,0,0,
composed,73,42073,beam_search,True,0.5971,0.5973,3,draw,0.9333,1.0000,0.0938,line_segment,True,47,47,True,0,0,0,
composed,74,42074,greedy,False,0.0000,0.7128,1,draw,0.9130,1.0000,0.0556,circle_arc,False,24,24,True,0,0,0,cannot identify image file <_io.BytesIO object at 0x11c1244a0>
composed,74,42074,beam_search,True,0.7208,0.5708,3,draw,0.9556,1.0000,0.0500,line_segment,True,47,47,True,0,0,0,
composed,75,42075,greedy,True,0.8026,0.2968,6,draw,0.8636,1.0000,0.0714,line_segment,True,46,46,True,0,0,0,
composed,75,42075,beam_search,True,0.8312,0.3228,6,draw,0.8667,1.0000,0.0714,line_segment,True,47,47,True,0,0,0,
composed,76,42076,greedy,True,0.5538,0.3893,5,draw,0.8667,1.0000,0.0833,line_segment,True,47,47,True,0,0,0,
composed,76,42076,beam_search,True,0.6060,0.4007,5,draw,0.8667,1.0000,0.0857,line_segment,True,47,47,True,0,0,0,
composed,77,42077,greedy,True,0.4884,0.6310,6,draw,0.8772,1.0000,0.0500,line_segment,True,46,46,True,0,0,0,
composed,77,42077,beam_search,True,0.5709,0.6330,6,draw,0.8947,1.0000,0.0500,line_segment,True,47,47,True,0,0,0,
composed,78,42078,greedy,False,0.0000,0.6926,1,draw,0.9091,1.0000,0.0625,circle_arc,False,24,24,True,0,0,0,cannot identify image file <_io.BytesIO object at 0x11c1351c0>
composed,78,42078,beam_search,False,0.0000,0.6926,1,draw,0.9091,1.0000,0.0625,circle_arc,False,24,24,True,0,0,0,cannot identify image file <_io.BytesIO object at 0x11c126ac0>
composed,79,42079,greedy,True,0.8034,0.5641,3,draw,0.9333,1.0000,0.0938,line_segment,True,47,47,True,0,0,0,
composed,79,42079,beam_search,True,0.7845,0.6003,3,draw,0.9333,1.0000,0.0909,line_segment,True,47,47,True,0,0,0,
composed,80,42080,greedy,False,0.0000,0.8940,1,draw,0.9355,1.0000,0.0513,circle_arc,False,24,24,True,0,0,0,cannot identify image file <_io.BytesIO object at 0x11c125260>
composed,80,42080,beam_search,False,0.0000,0.8940,1,draw,0.9355,1.0000,0.0513,circle_arc,False,24,24,True,0,0,0,cannot identify image file <_io.BytesIO object at 0x11c126520>
composed,81,42081,greedy,True,0.8517,0.5341,4,draw,0.9091,1.0000,0.0857,line_segment,True,46,46,True,0,0,0,
composed,81,42081,beam_search,True,0.8717,0.5392,4,draw,0.9091,1.0000,0.0882,line_segment,True,46,46,True,0,0,0,
composed,82,42082,greedy,False,0.0000,0.7352,1,draw,0.9091,1.0000,0.1000,circle_arc,False,24,24,True,0,0,0,cannot identify image file <_io.BytesIO object at 0x11c136de0>
composed,82,42082,beam_search,False,0.0000,0.7512,1,draw,0.9091,1.0000,0.1000,circle_arc,False,24,24,True,0,0,0,cannot identify image file <_io.BytesIO object at 0x11c127740>
composed,83,42083,greedy,True,0.4752,0.4421,6,draw,0.8667,1.0000,0.0750,line_segment,True,47,47,True,0,0,0,
composed,83,42083,beam_search,True,0.4752,0.4486,6,draw,0.8667,1.0000,0.0750,line_segment,True,47,47,True,0,0,0,
composed,84,42084,greedy,True,0.7237,0.4772,4,draw,0.9318,1.0000,0.0698,line_segment,True,46,46,True,0,0,0,
composed,84,42084,beam_search,True,0.7237,0.4772,4,draw,0.9318,1.0000,0.0698,line_segment,True,46,46,True,0,0,0,
composed,85,42085,greedy,True,0.7806,0.2571,6,draw,0.8864,1.0000,0.0600,line_segment,True,46,46,True,0,0,0,
composed,85,42085,beam_search,True,0.8073,0.2770,6,draw,0.8864,1.0000,0.0612,line_segment,True,46,46,True,0,0,0,
composed,86,42086,greedy,True,0.5882,0.6381,6,draw,0.8929,1.0000,0.0492,line_segment,True,46,46,True,0,0,0,
composed,86,42086,beam_search,True,0.6124,0.7165,6,draw,0.8929,1.0000,0.0508,line_segment,True,47,47,True,0,0,0,
composed,87,42087,greedy,True,0.6912,0.6111,6,draw,0.8776,1.0000,0.0600,line_segment,True,46,46,True,0,0,0,
composed,87,42087,beam_search,True,0.7573,0.6411,6,draw,0.8980,1.0000,0.0577,line_segment,True,47,47,True,0,0,0,
composed,88,42088,greedy,True,0.8337,0.5072,6,draw,0.8636,1.0000,0.0682,line_segment,True,46,46,True,0,0,0,
composed,88,42088,beam_search,True,0.8305,0.5101,6,draw,0.8636,1.0000,0.0698,line_segment,True,46,46,True,0,0,0,
composed,89,42089,greedy,True,0.7597,0.4948,6,draw,0.8864,1.0000,0.0588,line_segment,True,46,46,True,0,0,0,
composed,89,42089,beam_search,True,0.7600,0.4948,6,draw,0.8864,1.0000,0.0588,line_segment,True,46,46,True,0,0,0,
composed,90,42090,greedy,True,0.7789,0.5288,6,draw,0.8864,1.0000,0.0577,line_segment,True,46,46,True,0,0,0,
composed,90,42090,beam_search,True,0.7937,0.5288,6,draw,0.8864,1.0000,0.0566,line_segment,True,46,46,True,0,0,0,
composed,91,42091,greedy,True,0.8330,0.3128,5,draw,0.9091,1.0000,0.0698,line_segment,True,46,46,True,0,0,0,
composed,91,42091,beam_search,True,0.8229,0.3146,5,draw,0.9091,1.0000,0.0698,line_segment,True,46,46,True,0,0,0,
composed,92,42092,greedy,True,0.7359,0.6042,3,draw,0.9545,1.0000,0.0526,line_segment,True,46,46,True,0,0,0,
composed,92,42092,beam_search,True,0.7359,0.6042,3,draw,0.9545,1.0000,0.0526,line_segment,True,46,46,True,0,0,0,
composed,93,42093,greedy,True,0.7858,0.8988,1,draw,0.9444,1.0000,0.0488,circle_arc,False,24,24,True,0,0,0,
composed,93,42093,beam_search,True,0.7858,0.8969,1,draw,0.9444,1.0000,0.0476,circle_arc,False,24,24,True,0,0,0,
composed,94,42094,greedy,True,0.6994,0.2418,6,draw,0.8636,1.0000,0.0612,line_segment,True,46,46,True,0,0,0,
composed,94,42094,beam_search,True,0.7013,0.2417,6,draw,0.8636,1.0000,0.0612,line_segment,True,46,46,True,0,0,0,
composed,95,42095,greedy,True,0.3987,0.7665,6,draw,0.9041,1.0000,0.0455,line_segment,True,47,47,True,0,0,0,
composed,95,42095,beam_search,True,0.5144,1.0000,0,draw,0.9726,1.0000,0.0267,function_plot,False,36,36,True,0,0,0,
composed,96,42096,greedy,True,0.6519,0.1763,6,draw,0.8444,1.0000,0.0732,line_segment,True,47,47,True,0,0,0,
composed,96,42096,beam_search,True,0.6409,0.1807,6,draw,0.8444,1.0000,0.0714,line_segment,True,47,47,True,0,0,0,
composed,97,42097,greedy,True,0.7796,0.5800,6,draw,0.8409,1.0000,0.0732,line_segment,True,46,46,True,0,0,0,
composed,97,42097,beam_search,True,0.8035,0.5960,6,draw,0.8409,1.0000,0.0750,line_segment,True,46,46,True,0,0,0,
composed,98,42098,greedy,True,0.5553,0.5814,4,draw,0.9318,1.0000,0.0789,line_segment,True,46,46,True,0,0,0,
composed,98,42098,beam_search,True,0.5824,0.6032,4,draw,0.9333,1.0000,0.0750,line_segment,True,47,47,True,0,0,0,
composed,99,42099,greedy,True,0.8377,0.9119,1,draw,0.9429,1.0000,0.0750,circle_arc,False,24,24,True,0,0,0,
composed,99,42099,beam_search,True,0.8377,0.9119,1,draw,0.9429,1.0000,0.0750,circle_arc,False,24,24,True,0,0,0,
